b000,b001,b002,b003,b004,b005,b006,b007,b008,b009,b010,b011,b012,b013,b014,b015,b016,b017,b018,b019,b020,b021,b022,b023,b024,b025,b026,b027,b028,b029,b030,b031,b032,b033,b034,b035,b036,b037,b038,b039,b040,b041,b042,b043,b044,b045,b046,b047,b048,b049,b050,b051,b052,b053,b054,b055,b056,b057,b058,b059,b060,b061,b062,b063,b064,b065,b066,b067,b068,b069,b070,b071,b072,b073,b074,b075,b076,b077,b078,b079,b080,b081,b082,b083,b084,b085,b086,b087,b088,b089,b090,b091,b092,b093,b094,b095,b096,b097,b098,b099,b100,b101,b102,b103,b104,b105,b106,b107,b108,b109,b110,b111,b112,b113,b114,b115,b116,b117,b118,b119,b120,b121,b122,b123,b124,b125,b126,b127,b128,b129,b130,b131,b132,b133,b134,b135,b136,b137,b138,b139,b140,b141,b142,b143
2.074447506045281386e+00,1.989328461375295376e+01,6.222553269028967549e-01,-3.395382029052406381e+01,-3.018436077080581370e+01,-6.102104641250082295e+01,2.209390708650696666e+01,-2.483254398683014585e+01,8.715395947331529669e+00,5.146691875052900045e+00,4.947714013974596980e+01,-5.883504401028479691e+01,-1.091802930612648836e+01,2.211202625582200909e+01,-1.551110265699924540e+01,1.305654123749996529e+02,6.507298969822278067e+00,-2.381032541277104997e+01,4.195329642591655528e+01,7.602859709587136194e+01,-3.549584562343804350e+01,-9.678198761860800303e+00,-4.407839219050532620e+01,1.816282128237897098e+01,-9.530776002230116006e+00,1.736146484145197633e+01,-1.148971246094337539e+00,1.078271467079940216e+01,-1.450947913993678640e+01,-4.842753318974808252e+01,-2.695263181221175941e+01,-3.467267537232873309e+01,9.314691266360100030e+01,8.057226613407709692e+01,-1.666519342187125829e+01,2.598000276009105391e+01,3.268977869913919587e+00,-4.871811886060381624e+01,-3.936290516952666962e+00,-4.342847445302964360e+01,-4.248399125635025086e+01,-6.586316219836757568e+01,2.306647168099037870e+01,1.494042508006845793e+01,6.968322977562098686e+01,1.026066401134826407e+02,-4.434670987450537893e+01,5.454097545199803498e+00,7.172668458783965306e+00,-1.366274508287458644e+01,2.922106039954087109e+01,5.349758061498478412e+01,4.472310431364653560e+00,4.389944108188867489e+01,8.413903440930614863e+01,-2.125962620199256747e+01,-7.359130080986419387e+01,-8.531355547885522128e+01,-8.231457434595018441e+00,-6.236261469353477338e+01,-1.051964046332510883e+01,-3.363238684970846037e+01,-2.393942175049610377e+00,-9.652337125946765184e+01,2.565350029949963684e+01,4.392539558125330501e+01,-6.916030677330340382e+01,-2.286072022130163006e+01,5.768827341740247761e+01,-1.268364445740358981e+01,9.047927670958277702e+01,-2.643215666571209610e+01,-1.490235673517211090e+01,5.327833445055009776e+00,6.069606706267270368e+01,1.038379159719459999e+01,5.448008799782242306e+01,-1.771233524959777128e+01,-2.512701994862424471e+01,8.980207905911441912e+00,3.942326832434965667e+01,6.245429098365013232e+01,-1.876079439056889697e+01,-3.943593802430094541e+01,-2.520922024855982357e+01,-4.069852234377669964e-01,-7.598517767465380324e+00,-9.380721553046240668e-01,1.542515671934678867e-01,2.330013432443627508e+01,-4.021067525579743673e+00,2.898837219821690425e+01,-3.400829025878726952e+01,-1.951066108734005056e+01,-1.500521463445188033e+02,-1.773005859711397347e+00,4.348347344183405738e+00,4.450243072374824749e+01,1.608957459232764364e+01,1.691859705507002332e+01,3.416900178366471863e+01,-3.616550628557566682e+01,-1.804317900602596580e+01,3.849155318530913661e+01,4.153355121145794726e+01,1.467234464296682361e+01,-3.730480089331684468e+01,7.780633707595605131e+01,-1.656777207155002145e+02,-4.753393772752447788e+00,-1.796572523478264927e+01,-9.542524614963466822e-01,1.167477655767424594e+01,1.533453621059159167e+00,5.855805358934089710e-01,-1.068064638057923332e+01,1.044758500385788835e+01,2.153272804663206230e+01,7.704504662307461160e+01,2.423572134641981535e+01,-2.912097722054118520e+01,3.565503281854157880e+00,-4.166142307255450206e+00,-1.315592794780972952e+01,-5.277985074684970357e+00,-6.793213205509813690e+01,4.742232200216700733e+01,1.861842728032681649e+01,4.514647231802012328e+01,8.650011373983041096e+01,-4.097678455453276314e+01,-5.442738015350500547e+01,1.667450916958731710e+01,-5.579330257225015544e+01,2.797327711608109890e+00,-1.575286211181260887e+00,3.628345112729964939e+01,1.632968118631927013e+01,-1.247375409841206739e+01,3.468860405419060555e+01,-7.547159705075825009e+00,-3.498684457561834904e+01,2.421858322536757058e+01,-5.106753378755228567e+01
1.553699306807924785e+00,9.158598313550122327e+00,1.067966009258909610e+00,-1.851208319583496120e+01,-1.386346105867319523e+01,-2.829191324861341883e+01,1.026193345684758995e+01,-1.348303269514064695e+01,4.008484510776625598e+00,8.782707521509485193e-01,2.060474734229683946e+01,-2.840343180299831261e+01,-7.450062004955736228e+00,1.061243430189201220e+01,-9.867924755950788551e+00,6.387992767568883323e+01,2.717946021997838635e+00,-1.218229482891698723e+01,1.956792530811093656e+01,3.392186000665337531e+01,-2.076332802422213675e+01,-2.708571372146518996e+00,-2.213445660024104455e+01,8.370160505086106539e+00,-4.065447128136102428e+00,8.922779178800087863e+00,-2.745790141694753661e+00,4.332444949171428306e+00,-7.666670698600807299e+00,-1.993785283896716365e+01,-1.392030504910614397e+01,-1.650935920162958936e+01,4.495391596753444219e+01,4.008028390062706592e+01,-9.034737705948014508e+00,1.368056068351438626e+01,1.429607768335329210e+00,-2.616398835297681202e+01,-4.922424964817811777e+00,-2.132068983081751767e+01,-2.008441675246575286e+01,-3.363230553378392784e+01,1.117164327895384091e+01,7.514588375390858666e+00,3.297253249275025411e+01,4.757412612951318209e+01,-2.174674982979169613e+01,2.726939819298238810e+00,3.017993208294505347e+00,-5.205688327062966358e+00,1.546914283374916188e+01,2.594773126346833081e+01,2.024869714216473326e+00,2.097297899095307372e+01,3.809608852434279669e+01,-1.003102858998099123e+01,-3.206689823458259525e+01,-4.060191922376009899e+01,-4.596512199821144229e+00,-3.469363167224403099e+01,-4.834829546105563480e+00,-1.524888601695245782e+01,-1.701278996651610420e+00,-4.364840812069130038e+01,1.177527804722623195e+01,1.972361662378234115e+01,-3.176211487751948326e+01,-1.138193810568179032e+01,3.099640003628129747e+01,-5.882743205092584304e+00,4.328265100145367228e+01,-1.247205622573000738e+01,-6.685557942464611436e+00,3.804710276207174946e+00,3.030710824011450200e+01,1.918062623576982872e+00,2.793539745909562200e+01,-8.783223390915392059e+00,-1.242400626728890956e+01,4.635391311231125577e+00,1.485980050378216077e+01,3.260728973198804681e+01,-4.996778968633146079e+00,-2.045528970521964496e+01,-1.677848974141260996e+01,-1.534686213685997613e-01,-2.923797537612398578e+00,3.496591285513427905e-01,-7.074273774978021012e-02,1.599765868267855673e+01,-2.147257897918424696e+00,1.574546322102820284e+01,-1.651875865904290919e+01,-1.021496257329918045e+01,-7.002514853488196422e+01,-7.918750321849640228e-01,1.955642246413644925e+00,2.362993424762412786e+01,9.706814432618974919e+00,8.433968614069618397e+00,1.599978373682038502e+01,-2.265751084387261471e+01,-9.266469247567606260e+00,2.032198225395337587e+01,1.861316614195719410e+01,7.574687095017899274e+00,-1.890554859250893927e+01,3.844988677257295961e+01,-7.593222205776856981e+01,6.922204676800718381e-01,-9.368661486751896916e+00,-7.684209665454030946e-02,6.310043165278025334e+00,7.819858593673355562e-01,5.482507390547513015e-01,-8.265714221543484896e+00,5.153339521822972280e+00,9.707370377501655767e+00,4.142069009933732104e+01,1.037301009018195863e+01,-1.054041759314401538e+01,1.157599854741195200e+00,-1.712375862781446711e+00,-7.685432814438956761e+00,-2.175077615547555965e+00,-3.169582929512534974e+01,2.334024703953616964e+01,8.572822092958471529e+00,2.233933832500997596e+01,4.369714938262690396e+01,-2.044084172015706358e+01,-2.693517782476513389e+01,8.904752671685546517e+00,-2.499169967725740094e+01,1.103550486518885210e+00,5.120839424792806849e-01,1.498408375650465985e+01,8.638102079839491410e+00,-7.581844514804060076e+00,1.843060284060650034e+01,-3.517232997909018888e+00,-1.543321931859805574e+01,1.284527535662668107e+01,-2.118259445637244553e+01
1.329094069072116469e+00,5.580649102360938585e+00,1.138516894640018151e+00,-1.306366318625250678e+01,-8.089983009143935533e+00,-1.746884126360432177e+01,6.217528826324612012e+00,-9.431110881335190044e+00,2.318188713453629646e+00,-3.688672693361697008e-01,1.119084278893181050e+01,-1.810549460567353819e+01,-6.170812385113901399e+00,6.680196886213230378e+00,-8.067975660683021744e+00,4.133754431054317990e+01,1.294972145398103791e+00,-8.190053593065913518e+00,1.207677137110776755e+01,1.996486111444669120e+01,-1.570907469706091319e+01,-3.063973237963893981e-01,-1.481543069201797280e+01,5.063898038108578525e+00,-2.228673331356862519e+00,6.052056333167142199e+00,-2.916837324461252212e+00,2.103676215354543633e+00,-5.214502617432767551e+00,-1.075470887791974128e+01,-9.449774347046014711e+00,-1.024399575910318916e+01,2.863640088206208389e+01,2.617236870348082434e+01,-6.304770803209648555e+00,9.444044182516780239e+00,8.912539843251282567e-01,-1.856356569671344303e+01,-5.201748413043453922e+00,-1.383523582570508204e+01,-1.268662312437519013e+01,-2.256373652647833339e+01,7.102962902805543877e+00,4.905794606529357615e+00,2.064634626422520114e+01,2.916459824373136911e+01,-1.417864155330574150e+01,1.898030983070113420e+00,1.567184586341301866e+00,-2.248626987631583418e+00,1.076417627640330466e+01,1.638481064737164772e+01,1.098794091497961922e+00,1.318968203181132814e+01,2.277165054551151613e+01,-6.289122619800897596e+00,-1.844519207419105555e+01,-2.552392512742403241e+01,-3.308218738617187960e+00,-2.539362228885379125e+01,-3.002390556101001362e+00,-9.049942822039636070e+00,-1.347851417762804704e+00,-2.607806756011738969e+01,6.972669454844403703e+00,1.179665136578550921e+01,-1.926039882490170996e+01,-7.464558715679221024e+00,2.200706486495746717e+01,-3.590680107294566437e+00,2.729949755376409470e+01,-7.811541706888307957e+00,-4.044920121561029092e+00,2.987337964684687819e+00,1.989261923831398704e+01,-9.342856857862680275e-01,1.876812740325474138e+01,-5.652806010519304536e+00,-8.145535904794883209e+00,3.209207280364428705e+00,6.920006492041802737e+00,2.257569486679478743e+01,-1.326689324147873883e-01,-1.403563836884010207e+01,-1.377981479979085222e+01,-7.466383013302402283e-02,-1.460605206262566513e+00,7.376898542288161664e-01,-2.045137847557730038e-01,1.310762880459645707e+01,-1.445734010639663447e+00,1.128954268468351430e+01,-1.058212397595612053e+01,-7.064387612194416022e+00,-4.337069220727523344e+01,-4.630438847505612965e-01,1.155431408658225134e+00,1.663465797087257414e+01,7.486750087046359248e+00,5.446653301808964898e+00,9.980624867126062227e+00,-1.753208851373176813e+01,-6.366230542543990900e+00,1.410403102356988825e+01,1.088240440354207195e+01,5.141599728043886763e+00,-1.269934985486552570e+01,2.504688511760549474e+01,-4.630767634920970721e+01,2.606872612860180016e+00,-6.475727759880491874e+00,1.807910004741355714e-01,4.490671409433407923e+00,5.205835220740433478e-01,5.006909306972653351e-01,-7.389212049810774730e+00,3.340785005435289445e+00,5.819807270258840148e+00,2.921872864321765206e+01,5.724106911963205313e+00,-4.582618314155850747e+00,3.351762421810126069e-01,-8.094118560479126590e-01,-5.667962756607868968e+00,-1.047619730635931168e+00,-1.964135656868933921e+01,1.506223338520717192e+01,5.146681765895691818e+00,1.460765413966099402e+01,2.920704506207806261e+01,-1.363023479424829176e+01,-1.733913242466993765e+01,6.256606862892379439e+00,-1.477598671364166982e+01,5.076832610227310916e-01,1.182275180111646895e+00,7.848371414901674115e+00,6.171551070484867729e+00,-5.973142493825699617e+00,1.297479227229282905e+01,-2.115399260969453188e+00,-8.918074483633775529e+00,8.967355335264000971e+00,-1.156418228700906781e+01
1.194476234554649352e+00,3.824702472750781013e+00,1.120924123876049006e+00,-1.025759227979096089e+01,-5.016735731248260777e+00,-1.211570108597172535e+01,4.137440506991122646e+00,-7.374008164705458057e+00,1.480344855833891415e+00,-8.241908784599084603e-01,6.722414345685807646e+00,-1.292005265484091048e+01,-5.510714552830499713e+00,4.703537321678708416e+00,-7.237696941380595383e+00,3.008744571399800094e+01,5.169166517321368559e-01,-6.121522080420001011e+00,8.374037447844971283e+00,1.316306008708381015e+01,-1.309814502081371224e+01,8.809459296943038531e-01,-1.115176168316967953e+01,3.417699532684299601e+00,-1.357555172280761280e+00,4.572736654828966074e+00,-2.768446111118027630e+00,9.920445699854595345e-01,-3.900236733474523820e+00,-6.458021519344579353e+00,-7.177873420846741404e+00,-7.061291798064111447e+00,2.047561835470568070e+01,1.904086414729448151e+01,-4.838117638295035050e+00,7.249590040095266197e+00,6.836111623032387064e-01,-1.469105715248921129e+01,-5.304500723288920305e+00,-1.004348509597044270e+01,-9.107176138541825949e+00,-1.685133019927719289e+01,5.038061330769085799e+00,3.544464081955625900e+00,1.447655251395418041e+01,2.002302016635496429e+01,-1.044307284902784971e+01,1.512682821622739704e+00,8.248316507645844231e-01,-7.202243575381155338e-01,8.431430972807868685e+00,1.144940620905519779e+01,6.477094813960243558e-01,9.363386076324969665e+00,1.522600617768557818e+01,-4.474951296158393710e+00,-1.184622750729963947e+01,-1.797323546464067334e+01,-2.652204998735152586e+00,-2.070722437490575274e+01,-2.083898621514445271e+00,-5.969587615616254617e+00,-1.105731710967136738e+00,-1.744218271984212265e+01,4.558835615177446066e+00,7.966185346715347393e+00,-1.317195898612545690e+01,-5.504466936472685923e+00,1.750941078508446935e+01,-2.481422528921739978e+00,1.928454061662673169e+01,-5.496801259669896744e+00,-2.814506304047621033e+00,2.366511408107255576e+00,1.453845626516736012e+01,-2.323368796366354072e+00,1.406146825334681516e+01,-4.030248088977655740e+00,-5.959090885759405154e+00,2.547286870102669631e+00,3.078205538244959794e+00,1.756752084664663727e+01,2.428047450658094242e+00,-1.084686724542714131e+01,-1.221407606920864808e+01,-3.867759655815904141e-02,-7.826989432482812648e-01,8.741217665246460156e-01,-3.028011080320693882e-01,1.133923420667088067e+01,-1.041899111007794643e+00,9.077868044836401751e+00,-7.609474431404115613e+00,-5.539194110365923684e+00,-3.035831044320764249e+01,-2.985907549475660949e-01,7.629418137220926877e-01,1.314077822910903670e+01,6.290335150408056464e+00,3.951794520929846843e+00,7.009776170315264565e+00,-1.468680274416450082e+01,-4.979202944787486373e+00,1.101437295407578887e+01,7.018976314572650033e+00,3.855262329441191405e+00,-9.578965281962569023e+00,1.824953264698623201e+01,-3.174762928810547891e+01,3.599225008003689386e+00,-5.134757435176378060e+00,2.636961968631079678e-01,3.594645021087059522e+00,3.897217682975486208e-01,4.569034971444274063e-01,-6.913137298782435991e+00,2.434983565931460259e+00,3.900551524106970813e+00,2.309279672741019596e+01,3.434379779388469167e+00,-1.842679942904252188e+00,-8.527384070864675591e-02,-2.874292638648261455e-01,-4.554528304418727913e+00,-4.166942616288416001e-01,-1.367100321858803547e+01,1.078413349599162530e+01,3.432517967906260292e+00,1.067923363326009500e+01,2.198616630041186326e+01,-1.025616951426053802e+01,-1.233573322813957773e+01,4.965971945636545648e+00,-9.770086959407468186e+00,2.299361474744529010e-01,1.455279277999576459e+00,4.344433811989085292e+00,5.053179919204990433e+00,-5.181284230232161114e+00,1.024281820866226589e+01,-1.405167016475572961e+00,-5.720664153728764134e+00,6.986783475079026751e+00,-6.946912078576359839e+00
1.086348105499537198e+00,2.778411943206664958e+00,1.093879428970883305e+00,-8.428180501893729470e+00,-3.007509929017511130e+00,-8.982561813840913345e+00,2.832652651724014703e+00,-6.057428622442166954e+00,9.487959412508821799e-01,-9.936925819505778579e-01,4.181313911453255372e+00,-9.780260306099934908e+00,-5.050272328652257059e+00,3.484524819267784235e+00,-6.787832214845407108e+00,2.324297269745029126e+01,9.745378108272535755e-03,-4.872128855431918204e+00,6.164328726340076336e+00,9.153554610561009497e+00,-1.143292069870077654e+01,1.591614164667019438e+00,-8.943007501675076298e+00,2.435600212419614330e+00,-8.761887930381095924e-01,3.638765094769261133e+00,-2.509955878326492140e+00,2.964227023765707014e-01,-3.075778116279328511e+00,-4.039482972005241201e+00,-5.752167068409027806e+00,-5.104546806268198900e+00,1.552465627658939695e+01,1.463436238088090313e+01,-3.875420294385480080e+00,5.883225389797371641e+00,6.140198449453108109e-01,-1.228313537964726443e+01,-5.316823748794091919e+00,-7.755735973469385591e+00,-7.052253960259759147e+00,-1.332345836375605153e+01,3.750548740678621762e+00,2.687140134175130868e+00,1.075689306830808967e+01,1.457147443447777668e+01,-8.245897659100355881e+00,1.315111917296157173e+00,3.450281584246618904e-01,2.635846999792297862e-01,7.012201456229807839e+00,8.337794662616142105e+00,3.701479026023003494e-01,7.056504398207849249e+00,1.076105902084123933e+01,-3.407477928622224983e+00,-8.019060231858027521e+00,-1.343341758632937832e+01,-2.219116848493270844e+00,-1.781754615291417565e+01,-1.557618769717506568e+00,-4.117053972039200538e+00,-9.301403711298966703e-01,-1.233588945165890038e+01,3.006332339724520963e+00,5.756261796058605995e+00,-9.563717519100675801e+00,-4.279134421656282328e+00,1.475476790119846626e+01,-1.819802637920354460e+00,1.435623667502287404e+01,-4.128168511400676088e+00,-2.133720219945853369e+00,1.850985450464165183e+00,1.120831339911172542e+01,-3.096746407583942595e+00,1.112629431346260844e+01,-2.969297922624865027e+00,-4.602030454265344517e+00,2.180515667761347753e+00,9.002413818517638333e-01,1.451782421604564988e+01,4.064922991601525482e+00,-8.905390102601540292e+00,-1.113999623942478401e+01,-1.922270529694378519e-02,-4.070128367230766986e-01,9.142622520140618603e-01,-3.819739028138621761e-01,1.014181740257770059e+01,-7.624044751061109793e-01,7.733935336141240846e+00,-5.786254826563015818e+00,-4.633595444150555132e+00,-2.264122365039067830e+01,-2.020215863314839266e-01,5.305289506977914904e-01,1.105407628198749492e+01,5.506362829826598748e+00,3.021575890478279458e+00,5.270684719988786959e+00,-1.276924587748008477e+01,-4.198942997471014849e+00,9.076102614019346149e+00,4.675305690259300206e+00,3.051899948980255850e+00,-7.673213848014919236e+00,1.405290631764691334e+01,-2.318918792015080399e+01,4.230233162119177770e+00,-4.380181838148695661e+00,2.767360821670709625e-01,3.032262833231468502e+00,3.076623160489613817e-01,4.194324460834827351e-01,-6.580632219262852800e+00,1.875601391215134583e+00,2.782706773202593187e+00,1.928687073235117566e+01,2.078924917765248015e+00,-3.688365163572440153e-01,-3.456482902951032443e-01,8.467317619255720906e-02,-3.834431318362744978e+00,2.883205582833687705e-02,-1.014454589231557691e+01,8.063149920431865070e+00,2.408003279870974733e+00,8.260499472187429859e+00,1.763537801720733711e+01,-8.263770634407306304e+00,-9.197205869978326120e+00,4.193930218442912583e+00,-6.811594019134216360e+00,7.650965729156590511e-02,1.582945809716091778e+00,2.279926988058681214e+00,4.415436748406715850e+00,-4.710942458633002872e+00,8.574306977550268272e+00,-9.769861117183766819e-01,-3.824803115043752921e+00,5.742473432190988269e+00,-4.307144712701297173e+00
9.727846119963388105e-01,2.078361244601184765e+00,1.057127817343281428e+00,-7.097261601322658819e+00,-1.514986384145230680e+00,-6.901688872019414056e+00,1.905721890314756806e+00,-5.118376302750233364e+00,6.018182773116045325e-01,-9.945963859366667714e-01,2.571349119535440764e+00,-7.633971466883159529e+00,-4.677137301732390284e+00,2.613729033873147589e+00,-6.521282672567958016e+00,1.851547294696517554e+01,-3.646774168814763128e-01,-3.977104464439732201e+00,4.683390512421816254e+00,6.507056503989751661e+00,-1.025737491913943344e+01,2.064712900761022318e+00,-7.436621546004805516e+00,1.794664781540185938e+00,-5.077847911591900631e-01,3.007677594909248242e+00,-2.247601514648726262e+00,-1.704404925748766453e-01,-2.469658950641247408e+00,-2.527055664864734652e+00,-4.712429562178517273e+00,-3.694306169610804602e+00,1.212559947059577148e+01,1.155241116540278057e+01,-3.189111928016181707e+00,4.912025655711368621e+00,5.821361380386609330e-01,-1.055985090887500455e+01,-5.291639524372796721e+00,-6.145935252717560360e+00,-5.720323466021355330e+00,-1.082246806000677530e+01,2.840296930575520573e+00,2.057114225039477162e+00,8.209575853754117247e+00,1.090599256549313267e+01,-6.767217561353005451e+00,1.180321593404194402e+00,1.077010261469447212e-03,9.767688035494193066e-01,5.987191774710709069e+00,6.101539623359260034e+00,1.909805001084428355e-01,5.490145103731647325e+00,7.780102668279571532e+00,-2.700803012917583068e+00,-5.524993125934384963e+00,-1.036377469540803453e+01,-1.905721014141842362e+00,-1.576933437519052283e+01,-1.208908847660939978e+00,-2.862933766544088154e+00,-7.632788130270951044e-01,-8.924346476100613046e+00,1.928902783431478030e+00,4.330075671336658161e+00,-7.187565206433943032e+00,-3.392829472089817333e+00,1.283293064529473249e+01,-1.385763758902946785e+00,1.096930347873670364e+01,-3.165923528271731513e+00,-1.698600580974480856e+00,1.382886370506290374e+00,8.850761985488809103e+00,-3.606051482068830527e+00,9.097250941551623171e+00,-2.195396333428150548e+00,-3.660657551304299151e+00,1.968630110902627628e+00,-5.001741580317026203e-01,1.240017653639905149e+01,5.235725406931010184e+00,-7.559649028166612439e+00,-1.025827729641910580e+01,-8.082599605699725825e-03,-1.829699657790124501e-01,9.090050562049248883e-01,-4.486921052574447955e-01,9.187559456026697546e+00,-5.465511556902251655e-01,6.798257118937880428e+00,-4.503482913741282623e+00,-4.033036601389344611e+00,-1.748603003415044554e+01,-1.385609229732039371e-01,3.762166576912299165e-01,9.627961615826292174e+00,4.921144547081963694e+00,2.380347980883985137e+00,4.110427747541713472e+00,-1.132500913805002085e+01,-3.680656679200260850e+00,7.671388101310293806e+00,3.052435318369173700e+00,2.483629871110648146e+00,-6.360592632066344621e+00,1.109606995365151327e+01,-1.749596664329565598e+01,4.692483182428650146e+00,-3.923986258350831591e+00,2.656395817754931277e-01,2.620848927894723790e+00,2.505775789715189994e-01,3.826181827160635707e-01,-6.289554778827761261e+00,1.478536791589431187e+00,2.056167411032834291e+00,1.654383377909203645e+01,1.162969724215639378e+00,4.895121217051479623e-01,-5.357016013848732161e-01,3.868452716092193322e-01,-3.252741871443370680e+00,4.269291826304698612e-01,-7.757513255108955619e+00,6.085532125320368024e+00,1.657868543085519342e+00,6.557787808303148225e+00,1.465976094905195914e+01,-6.946313864612866595e+00,-6.915385491388527761e+00,3.662190268189583264e+00,-4.830716181088397398e+00,-4.536532723486664392e-02,1.647406219509351954e+00,9.109860111780245795e-01,3.970241536321702291e+00,-4.384568348176459907e+00,7.407285237962350166e+00,-6.933830324660086308e-01,-2.563806313232218415e+00,4.842689400421242851e+00,-2.621564496496320729e+00
8.749563350238229731e-01,1.594675642076809119e+00,1.023269251860396967e+00,-6.094498067523227647e+00,-3.655484885719555987e-01,-5.471497090930099283e+00,1.218575882292038948e+00,-4.414066888118812315e+00,3.574928879748711097e-01,-8.954377584661655787e-01,1.524764107245994538e+00,-6.093829828697123752e+00,-4.371589648531414518e+00,1.966049835643771448e+00,-6.345101781634718385e+00,1.514964039448712896e+01,-6.357379903961045686e-01,-3.334440973987743195e+00,3.641808616626898143e+00,4.711249059972011821e+00,-9.342777231823925277e+00,2.390619415748286958e+00,-6.359318083910110886e+00,1.349824285449326533e+00,-2.910031611512927108e-01,2.502738114669389446e+00,-1.952148570758388546e+00,-5.107205517985882182e-01,-2.024970681154450336e+00,-1.560128240753521522e+00,-3.917551864839392106e+00,-2.650119014546678198e+00,9.706511721573800600e+00,9.294944355158158089e+00,-2.645062723981335129e+00,4.187292882789992454e+00,5.785767406308242045e-01,-9.251182298102833101e+00,-5.204446686332778071e+00,-4.993772154895962601e+00,-4.822815484387716900e+00,-9.001568784633592557e+00,2.169337386971480264e+00,1.588343856116936292e+00,6.397600046691112041e+00,8.333896332131613960e+00,-5.759168927289234574e+00,1.099178520143873961e+00,-2.454418344556122678e-01,1.528863321158441702e+00,5.214127978904017802e+00,4.452086287738707959e+00,6.433275045218683763e-02,4.352339605788746013e+00,5.721248965234061679e+00,-2.211169574855119002e+00,-3.839325231080374490e+00,-8.186255058150450736e+00,-1.668684814773262026e+00,-1.422246036535230473e+01,-9.604681348342608560e-01,-1.980581582234980820e+00,-6.366644564716640309e-01,-6.561532663729529702e+00,1.094253195860351191e+00,3.372719399304864751e+00,-5.546893484803272045e+00,-2.714146133790201532e+00,1.140575151654724451e+01,-1.090872751222986770e+00,8.516990470764156385e+00,-2.497052661697041209e+00,-1.430080659909531926e+00,9.606542888708479166e-01,7.109629704603588785e+00,-3.884196570964010942e+00,7.589205993463476574e+00,-1.596053574063860614e+00,-2.955965382683980014e+00,1.835566021589747132e+00,-1.425102154196813409e+00,1.085347660911526368e+01,6.089842115198771388e+00,-6.581317055589981813e+00,-9.503304931180961646e+00,-1.807838825927647218e-03,-4.770278648861585313e-02,8.825152793724309053e-01,-5.054806191667942095e-01,8.401518335743240584e+00,-3.756308599927167813e-01,6.127378470580995717e+00,-3.564419157459611576e+00,-3.612630649435884411e+00,-1.389886972852388425e+01,-9.537449971018244210e-02,2.695347805022429433e-01,8.610595731029910382e+00,4.470675382331527281e+00,1.919023750835128661e+00,3.301498478352822730e+00,-1.019600462322449097e+01,-3.310861105724864917e+00,6.594926730222950617e+00,1.877073727140779802e+00,2.064621502621108551e+00,-5.418994024175058044e+00,8.927895461830996027e+00,-1.354961271922986654e+01,5.057838781457334676e+00,-3.633034201543120734e+00,2.474005987141179863e-01,2.300737084764898022e+00,2.088888666586236620e-01,3.476714874136477285e-01,-6.025390182634303926e+00,1.184730260445570726e+00,1.550779428054627873e+00,1.450395763089197487e+01,5.322603211512664245e-01,9.730059089183251686e-01,-6.632622524436869726e-01,6.420742897207989408e-01,-2.814692464017066520e+00,7.443470732231242115e-01,-6.103681354252041835e+00,4.574592101372432218e+00,1.148614797993356751e+00,5.307553858944807246e+00,1.254198270935997428e+01,-6.001174127086803978e+00,-5.244009064317182833e+00,3.299293545049266196e+00,-3.461345301163309518e+00,-1.074908012169413923e-01,1.669976182985331459e+00,-6.319496813082756473e-03,3.632260025395944947e+00,-4.144199368020725416e+00,6.540368025936888152e+00,-4.977793418951034221e-01,-1.706645567681553732e+00,4.162131243588033769e+00,-1.493936266365524901e+00
7.559982433603407159e-01,1.239258152477027863e+00,9.904988252219983913e-01,-5.293158029684317256e+00,5.711480362439032010e-01,-4.423362439515300615e+00,6.786963893680164617e-01,-3.865755398033247303e+00,1.983705001707214421e-01,-7.355425237894676060e-01,8.141037073225252385e-01,-4.935674692979040046e+00,-4.092081087044207699e+00,1.450161986006188730e+00,-6.231254359419589051e+00,1.256829091604003779e+01,-8.430779578395334317e-01,-2.813347701125321620e+00,2.873989437574317130e+00,3.416993458694424390e+00,-8.631737283897287227e+00,2.618936671748822498e+00,-5.543455316920488762e+00,1.042384175534543767e+00,-7.587822768782760685e-02,2.152149226863022680e+00,-1.706496750597666479e+00,-7.554473809383041027e-01,-1.666167773035719168e+00,-9.048374636231237833e-01,-3.242711152441368760e+00,-1.810708901734055409e+00,7.886381913054394843e+00,7.563879899819005104e+00,-2.233156513988396874e+00,3.621095105285303983e+00,5.782429996058764399e-01,-8.174650992804801675e+00,-5.106022667272668514e+00,-4.082815289327317743e+00,-4.193324340429525066e+00,-7.569454331218797627e+00,1.641406542475198682e+00,1.202301158635747269e+00,5.032917219202841963e+00,6.438156900330769261e+00,-4.998170974133004485e+00,1.023691403223668361e+00,-4.254243442697968058e-01,1.973888856243736223e+00,4.575551183585676362e+00,3.138238539586318598e+00,-1.660562564333310787e-02,3.509966450179915043e+00,4.222329643575632119e+00,-1.852949630565985606e+00,-2.639961767696187955e+00,-6.574745118404607958e+00,-1.478777778738419979e+00,-1.296405370379922317e+01,-7.793084527682154761e-01,-1.332409099880519809e+00,-5.107806045787071092e-01,-4.832025192968414373e+00,4.590222617301114028e-01,2.702478829570221563e+00,-4.362734736643123057e+00,-2.154316201165291655e+00,1.027990317240564799e+01,-8.801230556069595812e-01,6.663426786799482748e+00,-1.958572189059538893e+00,-1.231455539452479764e+00,5.764345206865441051e-01,5.751752142449458205e+00,-4.062992122030625985e+00,6.465236855810959860e+00,-1.116209210540939134e+00,-2.422518123536447465e+00,1.773856871550638648e+00,-2.067237201893870502e+00,9.640787029003107023e+00,6.731892826298284227e+00,-5.814165388563288239e+00,-8.776467424563330511e+00,1.551709652934423833e-03,3.455050515835980662e-02,8.412569331521208005e-01,-5.528252339465381526e-01,7.722420364598346687e+00,-2.327035247371283255e-01,5.595030282768351348e+00,-2.811871706874503385e+00,-3.314136706876411598e+00,-1.125504385488998516e+01,-6.491509628664351994e-02,1.914064813798484477e-01,7.843839519219635292e+00,4.096903505250383049e+00,1.573181060985111124e+00,2.701929391924785762e+00,-9.273472071484754053e+00,-3.030833326087886803e+00,5.687314222405664310e+00,9.691663934475372999e-01,1.740835121533004015e+00,-4.697738810824466427e+00,7.236397201958971515e+00,-1.065910283731373198e+01,5.362821472824514935e+00,-3.473208046854646458e+00,2.236264325122733210e-01,2.025796918354877185e+00,1.772438809803106030e-01,3.142333375891463443e-01,-5.766433721834276049e+00,9.453706349229662464e-01,1.194011770507612091e+00,1.282230197189966425e+01,6.358213005091599423e-02,1.239048901648927226e+00,-7.705063499477772249e-01,8.710025739415143686e-01,-2.416609877236452153e+00,1.091897787417976939e+00,-4.854385885265927847e+00,3.338433404018098738e+00,7.193153405462124894e-01,4.332279140306341425e+00,1.093997824385154871e+01,-5.312697273163024647e+00,-3.896413877993246899e+00,3.020827609151235826e+00,-2.444562636481499851e+00,-1.712173237969276118e-01,1.680816458930397550e+00,-6.657610834451652693e-01,3.313245057376640990e+00,-3.943694379794703053e+00,5.849245119836923301e+00,-3.642238303227648966e-01,-1.084925109350753925e+00,3.598906623336699528e+00,-7.152083758848601924e-01
6.453707421122256704e-01,9.726835522057744043e-01,9.619918133075588962e-01,-4.625687701701608034e+00,1.346222005298386426e+00,-3.639364531118866708e+00,2.465698913408536086e-01,-3.414466392071789258e+00,7.187556231402680851e-02,-5.317173340491669897e-01,3.254623821596815958e-01,-4.027005305652065381e+00,-3.846037324076390540e+00,1.034628128649474510e+00,-6.127681294612311369e+00,1.055321616666120121e+01,-9.911380098720902199e-01,-2.415719938777344922e+00,2.276122618375871820e+00,2.469778914887651666e+00,-8.013002443626238147e+00,2.781839144324183000e+00,-4.904647094612275993e+00,8.104383400732015907e-01,4.726233238007240128e-02,1.830622649997351914e+00,-1.426767857381267435e+00,-9.572705097159210919e-01,-1.390146587169172721e+00,-4.604074019230233739e-01,-2.663907709901801812e+00,-1.133595302832291152e+00,6.479929090233381039e+00,6.187379723862713732e+00,-1.860858693956449539e+00,3.156910478437043643e+00,5.793302371564909015e-01,-7.253597422893770741e+00,-4.965672803557661830e+00,-3.384307276075292581e+00,-3.720527943946451810e+00,-6.464267559904047111e+00,1.216755040015616629e+00,8.912228516272157064e-01,3.968260503558462826e+00,4.996881058098747275e+00,-4.453311841947433791e+00,9.803676899551637680e-01,-5.495262631989787927e-01,2.349660636172969497e+00,4.024951748048780864e+00,2.084573719936212211e+00,-7.179230332552287430e-02,2.838071778249141808e+00,3.099554171435501715e+00,-1.586956451989107064e+00,-1.769747336510823166e+00,-5.330580380498728843e+00,-1.325606329870656852e+00,-1.188656803421558195e+01,-6.450103566276890188e-01,-8.422686360117030979e-01,-4.206811696709976678e-01,-3.523731248619733858e+00,-8.090920448464082593e-02,2.216070527967451298e+00,-3.460869709432671026e+00,-1.681120313988215820e+00,9.339075015522825041e+00,-7.205509484089882566e-01,5.167937261251041470e+00,-1.566236412797345157e+00,-1.108241891469372797e+00,2.185993738072788128e-01,4.669957502281253170e+00,-4.100548755448810923e+00,5.536444266344651588e+00,-7.218968367264730901e-01,-1.986501883885426256e+00,1.736226666038854560e+00,-2.508821953963633611e+00,8.654704917088102079e+00,7.196883469444582460e+00,-5.193336809403545473e+00,-8.077909165929140656e+00,3.071686973300759987e-03,8.375101377995347596e-02,7.963136008593114656e-01,-5.946555420544245019e-01,7.124562501783164414e+00,-1.116610138799251223e-01,5.172573651205415679e+00,-2.203759085369792370e+00,-3.078617103696636548e+00,-9.236880007865941877e+00,-4.293534898823856555e-02,1.325515988700667891e-01,7.231582993019636696e+00,3.782371685756993340e+00,1.302289046526337035e+00,2.243425174490313090e+00,-8.500947820291305135e+00,-2.791485846777705504e+00,4.910634942352574583e+00,2.440031961691902784e-01,1.485030258991123953e+00,-4.134367618853542758e+00,5.884914733119313013e+00,-8.477008831114218879e+00,5.627338014920778342e+00,-3.363784251269342107e+00,2.043548509159671123e-01,1.786850039581886929e+00,1.518280607831538065e-01,2.825499206018715070e-01,-5.514706693612652977e+00,7.463439054636592518e-01,9.178105944986124642e-01,1.143788244845048752e+01,-2.734806511574028876e-01,1.356859112875997919e+00,-8.404483259115050897e-01,1.078610920496538172e+00,-2.111259679288967295e+00,1.388254521774803463e+00,-3.932318438170610886e+00,2.299736511326277988e+00,4.287680615130115003e-01,3.551049725832826631e+00,9.685446412070078281e+00,-4.751572882177887536e+00,-2.836609088170782389e+00,2.814607301016160079e+00,-1.690975082975662236e+00,-1.925813965921830406e-01,1.675444636259649789e+00,-1.131918938274508735e+00,3.013288926892921715e+00,-3.765577088044754550e+00,5.270265070877137248e+00,-2.637478893186950835e-01,-6.307369770359206873e-01,3.122755320226433096e+00,-1.513245768305634675e-01
5.169586909227330551e-01,7.647884216780145294e-01,9.338110309834215528e-01,-4.061602233149308461e+00,1.995963227796421657e+00,-3.020847209778873665e+00,-1.097857019440313664e-01,-3.037869075244854500e+00,-3.934543151732583510e-03,-2.964087196167695115e-01,-1.710948153995062171e-02,-3.290081525225703185e+00,-3.611327348609787435e+00,6.837719425613514312e-01,-6.028868870339728403e+00,8.904610920518878814e+00,-1.099527519523654684e+00,-2.067363691618829602e+00,1.804432388056753656e+00,1.751786103213040846e+00,-7.481730213760604542e+00,2.893322612457627230e+00,-4.378015771462299810e+00,6.427543647014175576e-01,1.764133600912969890e-01,1.577320568226020292e+00,-1.188378147534634666e+00,-1.109020454401127287e+00,-1.151473772988861111e+00,-1.446775603176937430e-01,-2.123766878395072055e+00,-5.453538169861646967e-01,5.351099087070184446e+00,5.052404436702709667e+00,-1.557107740173764077e+00,2.766494529968248628e+00,5.733511060817244598e-01,-6.414106791776462480e+00,-4.799379564805409615e+00,-2.787304216974407556e+00,-3.345431991393269744e+00,-5.525148250113129933e+00,8.581963612699685662e-01,6.157275707686139521e-01,3.110178844896666295e+00,3.856633886464453376e+00,-4.008226012458029786e+00,9.302440084173961843e-01,-6.192464407666906645e-01,2.675416811472742573e+00,3.512043202552556309e+00,1.199441064906459076e+00,-1.077203294662700261e-01,2.297861794002518554e+00,2.233681721221904226e+00,-1.373583404980838196e+00,-1.108424333128891659e+00,-4.342607726482614616e+00,-1.196396246477395175e+00,-1.090324030966318425e+01,-5.328199154909382118e-01,-4.700911721174306779e-01,-3.328117323777860515e-01,-2.501465806395088975e+00,-5.177980853997975474e-01,1.855106563313446699e+00,-2.764151292898338053e+00,-1.263029807818276451e+00,8.507825235114104601e+00,-6.032438897216938489e-01,3.963109008193327121e+00,-1.226900934041385227e+00,-1.009407501683606823e+00,-1.116589397921291388e-01,3.757622286022407110e+00,-4.072651552409594089e+00,4.794997677035763850e+00,-3.969468175571446711e-01,-1.632461285291022302e+00,1.728089092344433420e+00,-2.834255767947827742e+00,7.803554370515443317e+00,7.515926456071500006e+00,-4.652429058105542303e+00,-7.358564295002175903e+00,3.317368961122801364e-03,1.100896873837817896e-01,7.450107069412751359e-01,-6.291473004431767935e-01,6.569904935396809087e+00,-5.045422837723320328e-03,4.808811139159821835e+00,-1.675299952216791066e+00,-2.889459234749630401e+00,-7.637954622061680077e+00,-2.664876009278654631e-02,8.628223427542458523e-02,6.717291503110192963e+00,3.500663153058558130e+00,1.085633604157494103e+00,1.874217888045311531e+00,-7.831855774357211253e+00,-2.567763737086728781e+00,4.192619873263740082e+00,-3.633053548138622801e-01,1.272346591560008067e+00,-3.667398891316739906e+00,4.759905807386785703e+00,-6.759426077927207288e+00,5.868593530711589068e+00,-3.302365334681543363e+00,1.894375064346657811e-01,1.563763726098289286e+00,1.311744364756720627e-01,2.516183863539054322e-01,-5.258833606871945676e+00,5.670158128660459651e-01,7.077672727607423608e-01,1.019413306919987328e+01,-5.423381489799716793e-01,1.379131041442905881e+00,-8.926551884554628780e-01,1.271534134073668332e+00,-1.822441368004456663e+00,1.703460786975346863e+00,-3.178735576561370291e+00,1.386336988050024033e+00,1.738072543288330385e-01,2.902759543460592173e+00,8.659928502990432264e+00,-4.297376541320486965e+00,-1.928961093152828266e+00,2.643396179407197177e+00,-1.085136192170965241e+00,-2.117479415778749374e-01,1.670494760337289053e+00,-1.472265277203768319e+00,2.683898109845937796e+00,-3.590296478868785002e+00,4.755165056805092938e+00,-1.942247237556188055e-01,-2.883721536292713772e-01,2.693323553654987990e+00,2.680814216792924976e-01
3.813983808410617016e-01,6.031032008789498633e-01,9.082850215969777707e-01,-3.576460023204188765e+00,2.535242133244872687e+00,-2.539682298773133340e+00,-3.964014045295698452e-01,-2.708044387108446749e+00,-5.174724821864451485e-02,-3.456337377410467759e-02,-2.526700333654741115e-01,-2.677763834411520438e+00,-3.393661067081562344e+00,3.936155894810917100e-01,-5.919406077788361031e+00,7.552123099913810478e+00,-1.170116655611972867e+00,-1.775065185459133055e+00,1.426747624669595593e+00,1.211183594390227825e+00,-7.001771690516876312e+00,2.965530149937252169e+00,-3.935518254167941876e+00,5.171192915071334273e-01,2.756984301912782653e-01,1.356505603100551349e+00,-9.563910413316101256e-01,-1.229068949274423117e+00,-9.470986898266254839e-01,6.562247778256832809e-02,-1.610901550071548671e+00,-3.803627715185561170e-02,4.438564888198492042e+00,4.097945544102356230e+00,-1.287601782529762540e+00,2.427695192637156385e+00,5.582000107374438524e-01,-5.642705128062370790e+00,-4.600998244900886824e+00,-2.280911515004181656e+00,-3.018190757843787875e+00,-4.733915884056960621e+00,5.539215261821838210e-01,3.747754487876222562e-01,2.408155515887906439e+00,2.942555580024436956e+00,-3.655857082198487706e+00,8.863385383370607773e-01,-6.370692389246083165e-01,2.956955521908656070e+00,3.027189215258215604e+00,4.576157662288813377e-01,-1.386952177612605086e-01,1.844334971800313472e+00,1.561440454378686393e+00,-1.200463613573982125e+00,-6.058640374937266371e-01,-3.535809087514836246e+00,-1.084598526557444487e+00,-9.984906219486550327e+00,-4.366705325048782504e-01,-1.831530385611702672e-01,-2.573057749926336291e-01,-1.692052310774234236e+00,-8.794955808603576175e-01,1.582727061669650492e+00,-2.219455543713308998e+00,-8.986913526287356735e-01,7.753353239794616769e+00,-5.160038070681755018e-01,2.970421768159077658e+00,-9.447597185599954095e-01,-9.399893619657426758e-01,-4.193633498024888495e-01,2.981516278894919658e+00,-3.957884145524774411e+00,4.169221287174435631e+00,-1.367843236065687806e-01,-1.340292441378366339e+00,1.735358099724744640e+00,-3.072112205753890102e+00,7.057406557698992167e+00,7.700349477474789595e+00,-4.171810541856434185e+00,-6.633406306453694334e+00,2.692963724099515632e-03,1.207389629805029896e-01,6.925282531535940089e-01,-6.579759123506904173e-01,6.063421028158201942e+00,8.835575095668446455e-02,4.491561929807351028e+00,-1.210954943260232897e+00,-2.730970199294205258e+00,-6.359350741297967957e+00,-1.458118739329152501e-02,4.968301464951230262e-02,6.265446853634855984e+00,3.248879123086225729e+00,9.067308695977063238e-01,1.576081670110613064e+00,-7.246522114052764252e+00,-2.338158672558016349e+00,3.528761148319347729e+00,-8.722761042904410012e-01,1.092152705319148653e+00,-3.278505134390535147e+00,3.820111881831695033e+00,-5.396658983318533664e+00,6.091613519588026548e+00,-3.267915981115935065e+00,1.838283446149298062e-01,1.357470796034810911e+00,1.135508815146897832e-01,2.221556234553075937e-01,-4.998535784188682385e+00,4.040049893709888318e-01,5.448665964965543340e-01,9.085769442588420119e+00,-7.509266690368907593e-01,1.333781216721018570e+00,-9.225073238845352686e-01,1.446359012570016755e+00,-1.566038519807480434e+00,2.009524588501098830e+00,-2.571564125475924278e+00,5.840705450982652813e-01,-3.010912058766810132e-02,2.361651815319874004e+00,7.810166556809557292e+00,-3.915521575798476928e+00,-1.165180573270477415e+00,2.504754827704380737e+00,-6.058626764539309928e-01,-2.150683087866568921e-01,1.664575446225612376e+00,-1.713611843231018561e+00,2.328958382480190714e+00,-3.412602940302501331e+00,4.288048504198158639e+00,-1.450537450315361743e-01,-3.294319519857332595e-02,2.303365364284862604e+00,5.872094754725264432e-01
2.163168869116445237e-01,4.752248986442695333e-01,8.829534573433091005e-01,-3.147718625547740068e+00,2.977012570445742856e+00,-2.145200743898957985e+00,-6.287455451008998608e-01,-2.433023434908979432e+00,-7.312108933857075499e-02,2.131536552573011500e-01,-4.109147684482135077e-01,-2.170743315911854321e+00,-3.184265026282671052e+00,1.598481694432122013e-01,-5.787363205935365684e+00,6.397040104840479913e+00,-1.210561283443108094e+00,-1.513605506805300260e+00,1.114878546423412109e+00,7.987218061971343985e-01,-6.569985424571334498e+00,3.003679929000628412e+00,-3.561436874255580420e+00,4.267701452522777439e-01,3.868578825957904033e-01,1.203089090385216275e+00,-7.500457409508574091e-01,-1.325492653043596425e+00,-7.727481838445071638e-01,2.194495067740225847e-01,-1.105955710114368662e+00,3.950061995204522391e-01,3.687753176857888171e+00,3.302377478984373838e+00,-1.054714430738438846e+00,2.138600183040555436e+00,5.416930265199725314e-01,-4.905457351355170026e+00,-4.402727194049585790e+00,-1.842273968953676899e+00,-2.732363104435713286e+00,-4.068345176963174659e+00,2.943083653290600732e-01,1.505058074388111455e-01,1.819637992315018993e+00,2.213463358326589692e+00,-3.366272617895515573e+00,8.395061003758337304e-01,-5.987093222771306955e-01,3.200721323266366714e+00,2.557117324652436796e+00,-1.876700724033529555e-01,-1.421915458041502767e-01,1.490914236787512781e+00,1.031795117880164980e+00,-1.064984187245418212e+00,-2.259784978442344050e-01,-2.891990409464915590e+00,-9.881210841289603808e-01,-9.113987001206304228e+00,-3.658224587687932128e-01,3.203051748463079523e-02,-1.891684071553250968e-01,-1.036124059541424725e+00,-1.161695077215508576e+00,1.378991194903129935e+00,-1.777431199314950305e+00,-5.843749992675942861e-01,7.057151347515177697e+00,-4.458442232643567427e-01,2.129162298436275691e+00,-6.998011846688830806e-01,-8.806292947859065690e-01,-7.086987079314861493e-01,2.326018586317604164e+00,-3.797471234032185894e+00,3.655919805438622827e+00,6.336940108933779292e-02,-1.112714650878143585e+00,1.754569302450383672e+00,-3.233734458451001270e+00,6.388618231780474943e+00,7.740588349204295504e+00,-3.727792002891656242e+00,-5.880922196582111461e+00,1.459687297717437819e-03,1.203101276320987789e-01,6.393528636429786083e-01,-6.813366114536327789e-01,5.588861285318297512e+00,1.712835832970410754e-01,4.202632171293672947e+00,-7.898140809023310727e-01,-2.584501631134792810e+00,-5.310296870247930734e+00,-5.830357535601030962e-03,2.016805308025798604e-02,5.852448792025430002e+00,3.017226441987217900e+00,7.630743610767776186e-01,1.329148227524834081e+00,-6.731432981064042309e+00,-2.113757483062964404e+00,2.902200527308528066e+00,-1.309116874268986708e+00,9.439317726744654857e-01,-2.948473269407426045e+00,3.034843497764243558e+00,-4.298652763633649343e+00,6.299885964426078289e+00,-3.237766686021753326e+00,1.810192615724438014e-01,1.164789918321548434e+00,9.921870683143743652e-02,1.939350283245722395e-01,-4.735663885910324389e+00,2.471994568379759505e-01,4.187687657306247146e-01,8.042060091552730938e+00,-9.099060507158629463e-01,1.239067728001857382e+00,-9.330551775368557399e-01,1.606097473972641909e+00,-1.330232537210932708e+00,2.345011783263033500e+00,-2.071795514956172646e+00,-1.239673753853117455e-01,-2.042324160576662884e-01,1.903714963534788529e+00,7.092847251486722016e+00,-3.590505001598655710e+00,-4.740274346350275003e-01,2.365961197098309654e+00,-2.158238755184688218e-01,-2.165380822063537047e-01,1.661186651159492600e+00,-1.887008152865087274e+00,1.935311426940011126e+00,-3.219874024245424238e+00,3.856078462471244972e+00,-1.148096320899806289e-01,1.616345087986197915e-01,1.938697613401262343e+00,8.232501951900844661e-01
5.370952603183898333e-02,3.741223845570917916e-01,8.566643985060631294e-01,-2.766790397066189566e+00,3.313844460245649159e+00,-1.825243414947558929e+00,-8.044377900938313175e-01,-2.176345229760369371e+00,-8.110439964404747570e-02,4.832796581925892232e-01,-5.108380324229919722e-01,-1.733423929200606839e+00,-2.987647298099442850e+00,-2.646544897374677671e-02,-5.615354452181984257e+00,5.422054500039164004e+00,-1.223992786419026535e+00,-1.288304288474823922e+00,8.566474774111819679e-01,4.865363167096425911e-01,-6.151998235866178888e+00,3.010356444638807805e+00,-3.229860211287557625e+00,3.591005481212926065e-01,4.619329873427460709e-01,1.037409907216453098e+00,-5.437442617444355752e-01,-1.399066626452289519e+00,-6.200049333978128185e-01,3.120566540355998453e-01,-6.311674142763247231e-01,7.720709091011387359e-01,3.070297498812657011e+00,2.610242127306874771e+00,-8.387228195269025299e-01,1.876183252967426274e+00,5.171047549080297623e-01,-4.204445413869775550e+00,-4.165602191910426910e+00,-1.461654161790243434e+00,-2.428833054231640087e+00,-3.488357860067038629e+00,6.493348269865199807e-02,-4.532967921318228205e-02,1.328825939702498182e+00,1.611110990099870799e+00,-3.131379385048891351e+00,7.990189372425475778e-01,-5.167297527173926319e-01,3.403327238782396513e+00,2.094703570758915667e+00,-7.322544182240064981e-01,-1.536354778946627808e-01,1.183532444374718828e+00,6.198588430756857282e-01,-9.476317453399735191e-01,6.797038520617834645e-02,-2.343252991204912483e+00,-8.978839365139692497e-01,-8.252571884988800122e+00,-2.989815776028276195e-01,1.874439130212042226e-01,-1.332651328559136816e-01,-5.072829696370091401e-01,-1.360482157002713910e+00,1.222393296214761893e+00,-1.421850916641705931e+00,-3.295012382193860945e-01,6.379378770326617598e+00,-3.938679474809382852e-01,1.413560083074254514e+00,-4.944955920116944070e-01,-8.407055487152863549e-01,-9.730465423171934525e-01,1.745665059060539148e+00,-3.561403540230986930e+00,3.202148577905195914e+00,2.065562637453824124e-01,-9.173312215121678381e-01,1.763968071902636270e+00,-3.348558070858062674e+00,5.774227323640579890e+00,7.648762784799943759e+00,-3.322315510420926987e+00,-5.128711214160053267e+00,-1.837406700321825954e-04,1.131902878912900839e-01,5.857865899053760206e-01,-6.986028087568290079e-01,5.133203311503812039e+00,2.448054369281321974e-01,3.949581923794192040e+00,-4.240056278777211696e-01,-2.436250217238397298e+00,-4.441882727667108455e+00,5.564765029285413450e-04,-3.887037380856079184e-03,5.451327898379815018e+00,2.800470244335008907e+00,6.386259127435618410e-01,1.119949272185911227e+00,-6.268518668206976230e+00,-1.855376384433055970e+00,2.336897643837960725e+00,-1.674945720382592373e+00,8.122651454995309939e-01,-2.660280526028327319e+00,2.371413071491419888e+00,-3.402809571904771513e+00,6.487953273567353740e+00,-3.187978105484400082e+00,1.892187884411874188e-01,9.936162098995748870e-01,8.598213748727932815e-02,1.664699737313311834e-01,-4.481583036965969491e+00,1.028756132039873455e-01,3.178417242519885888e-01,7.094721926823292613e+00,-1.035035701281791676e+00,1.108455706829790222e+00,-9.144845081972685641e-01,1.746687855342563545e+00,-1.120078612059535184e+00,2.633159986627060523e+00,-1.660606405526741103e+00,-7.496670623130848865e-01,-3.364475183837097871e-01,1.524096551112886111e+00,6.464684642067130227e+00,-3.290875997719009849e+00,1.134264605223470335e-01,2.239832895672898339e+00,1.002087526133142448e-01,-2.040816047284977619e-01,1.652512518297766020e+00,-1.995775998621574843e+00,1.540062701654385524e+00,-3.010574809413561592e+00,3.443006622130187377e+00,-9.395927240933145408e-02,3.057338194169044732e-01,1.600310014420261551e+00,1.013626984260621811e+00
-1.268183187772065068e-01,2.942436037339395405e-01,8.341424085646043096e-01,-2.424266146583909709e+00,3.557528463284388653e+00,-1.570522148134163576e+00,-9.242958557750133863e-01,-1.955331637837353753e+00,-6.334181928411553031e-02,7.374130847032787095e-01,-5.679167260942215023e-01,-1.358538728348588798e+00,-2.795769982449726854e+00,-1.591739341468649815e-01,-5.408282274202989903e+00,4.579197406082832877e+00,-1.212752970480387660e+00,-1.087318959269622631e+00,6.452171964232401580e-01,2.542746329253446902e-01,-5.753268097915115398e+00,2.993734058118195929e+00,-2.937896241269513098e+00,3.128564269526487585e-01,5.203903090905022122e-01,9.113459891828381565e-01,-3.714418400064733450e-01,-1.453659886636011311e+00,-4.824877970365890056e-01,3.805636930660338813e-01,-1.562004804975379857e-01,1.071905033768254301e+00,2.565905962653775685e+00,2.014264387028718684e+00,-6.553707903888984498e-01,1.649036240616791549e+00,4.926482331201350595e-01,-3.523601738256576965e+00,-3.917548771155601628e+00,-1.118708033666069968e+00,-2.126767075984106192e+00,-2.972914087985462750e+00,-1.412156286827449536e-01,-2.199105649207010738e-01,9.184367057591015238e-01,1.118253035833314479e+00,-2.921275220438761089e+00,7.488168448417596990e-01,-3.939700036974934094e-01,3.566188905522653219e+00,1.666939669651348988e+00,-1.202686234473702154e+00,-1.473400688382635049e-01,9.407488136046397997e-01,3.021720137892280333e-01,-8.432216495956542657e-01,2.923289079116627720e-01,-1.898987999798307902e+00,-8.094688026918060997e-01,-7.386941931744960499e+00,-2.372102425066644205e-01,2.971810995962760882e-01,-8.210123819761040720e-02,-7.836079562256273445e-02,-1.500934821125161855e+00,1.104693755216294315e+00,-1.128150225813465690e+00,-1.288047579783309082e-01,5.710672343641360449e+00,-3.586533603642948487e-01,8.129992106854394551e-01,-3.075108265444955746e-01,-8.014822298667477751e-01,-1.215407360977501794e+00,1.236497439933884834e+00,-3.263749138393317928e+00,2.829775430487187826e+00,2.977982068103735558e-01,-7.639250843621485654e-01,1.778604211484337227e+00,-3.425396211374282629e+00,5.198104192326082007e+00,7.432543750641668723e+00,-2.944565057252305884e+00,-4.385729350309921948e+00,-2.111698897535941363e-03,9.990685795264699076e-02,5.332462724516425778e-01,-7.108319022997606762e-01,4.721022730539639056e+00,3.104378021144136857e-01,3.717251078050667790e+00,-8.837454247923622053e-02,-2.296967666438988420e+00,-3.709347476454124326e+00,5.082742149998707368e-03,-2.367789227775968577e-02,5.056369508202186225e+00,2.599679930990912435e+00,5.361394505379267761e-01,9.464384179691790466e-01,-5.850187771750907650e+00,-1.591109247555890338e+00,1.812909503892672580e+00,-1.985190135867909156e+00,7.016185553441751654e-01,-2.407823456081509939e+00,1.804922856675433174e+00,-2.668624487016078906e+00,6.671794074799850982e+00,-3.141837045392483319e+00,1.995869371577749796e-01,8.404155041846211871e-01,7.493493500719883293e-02,1.410951184514390722e-01,-4.229258585209931809e+00,-3.602067098343900847e-02,2.435191805905742579e-01,6.211943394981115141e+00,-1.133490735636600633e+00,9.551202743639963799e-01,-8.765975048313505713e-01,1.864445611393490410e+00,-9.230250160299900974e-01,2.931025240935393850e+00,-1.297804759870993419e+00,-1.296097209061733091e+00,-4.557155145445328515e-01,1.198564207222057032e+00,5.926198373656244023e+00,-3.038553789802153737e+00,6.238029652387389046e-01,2.118837887825547384e+00,3.726809746128066925e-01,-1.885749542120273570e-01,1.645412568656671848e+00,-2.058436006820661301e+00,1.126671913408920034e+00,-2.777863974511195266e+00,3.042885964169079305e+00,-8.634206166512614633e-02,4.082367560996847944e-01,1.281047843014671228e+00,1.157350417098279349e+00
-3.255575867240620980e-01,2.325621372822270772e-01,8.092233915180524484e-01,-2.112219772124634076e+00,3.711360910560939974e+00,-1.359292271755467851e+00,-1.002547781332633114e+00,-1.750473560571139231e+00,-4.283870967492831028e-02,9.549707247421377332e-01,-5.921789734308102737e-01,-1.036331342386603627e+00,-2.615428886893236715e+00,-2.457703086509343549e-01,-5.161015171186933870e+00,3.844972996664924647e+00,-1.184853352459336318e+00,-9.107192895679683264e-01,4.641055813036049082e-01,8.593394402845255797e-02,-5.368496308101782688e+00,2.952778346415390942e+00,-2.674705836920675761e+00,2.806329747871945113e-01,5.791164291080084237e-01,8.100791630034033242e-01,-1.955738446930562757e-01,-1.497235876598433046e+00,-3.639502181430065431e-01,4.124996574662362359e-01,2.976106129494962005e-01,1.308435632963060202e+00,2.136338085947766086e+00,1.503954187179501023e+00,-4.795549324957346093e-01,1.440555966469852622e+00,4.772548137991264317e-01,-2.872312698296542788e+00,-3.676571785588075070e+00,-8.189416136824362313e-01,-1.803172197405489730e+00,-2.538629558731135383e+00,-3.251650527092355691e-01,-3.839202797255861221e-01,5.577108622548675454e-01,7.202006979993739177e-01,-2.751572741978862702e+00,7.058706103159086975e-01,-2.295413791863553654e-01,3.689318351143642705e+00,1.238498543531949769e+00,-1.610216172022611802e+00,-1.390484865196134068e-01,7.481184645677808609e-01,4.973547186887695981e-02,-7.618917142459341596e-01,4.553898771613353880e-01,-1.521591331427468718e+00,-7.183100753032158892e-01,-6.560114218614238268e+00,-1.936206909122449027e-01,3.721492547780719806e-01,-4.092490375720997386e-02,2.860229072672095252e-01,-1.557004305109219944e+00,1.013323128614192159e+00,-8.849006419967370141e-01,7.922786625265574798e-03,5.075500596381732343e+00,-3.259655668001844031e-01,2.830456618043460937e-01,-1.507357605225444208e-01,-7.723091572482368994e-01,-1.446821110413031519e+00,7.993492415616710867e-01,-2.942407786333013586e+00,2.495952227518662525e+00,3.416184776850255123e-01,-6.435322670530435607e-01,1.774861213803740956e+00,-3.459156102818650158e+00,4.676890461286259182e+00,7.076521380618161494e+00,-2.587142367481525707e+00,-3.653367502345825191e+00,-4.200110394527349113e-03,8.357525558605673199e-02,4.819418078721567911e-01,-7.172068958821039564e-01,4.322329553772388699e+00,3.678668447342423042e-01,3.508250598281034360e+00,2.053297164328332924e-01,-2.138926037606218689e+00,-3.098931556802067444e+00,8.137040387181548873e-03,-3.991222410586994090e-02,4.660870015176274528e+00,2.408099345546433234e+00,4.479043460084599637e-01,7.973190775182191770e-01,-5.470769340204564735e+00,-1.312211476534304699e+00,1.344241257889557284e+00,-2.237452897317190548e+00,6.040699108628053704e-01,-2.183441110158183207e+00,1.348334720196437742e+00,-2.073447583684266515e+00,6.837022363517343493e+00,-3.051259630743097695e+00,2.112754013881478488e-01,7.088908308972858840e-01,6.477779362944077746e-02,1.166965959008818415e-01,-3.993851383576793701e+00,-1.668789611891985381e-01,1.848353987595015291e-01,5.377145889296615522e+00,-1.198860502475796119e+00,7.840474405986667117e-01,-8.103237110630527873e-01,1.964716420068071567e+00,-7.469789149980270437e-01,3.211298047286502921e+00,-1.007122122545657916e+00,-1.757126788535227968e+00,-5.439486569661756699e-01,9.321805129453232253e-01,5.443693685950701244e+00,-2.799468665902477671e+00,1.112472705766606840e+00,1.973025643317684930e+00,5.827480918197960325e-01,-1.663099500919728302e-01,1.631129243190226452e+00,-2.085968785929618097e+00,7.155213691973490997e-01,-2.523959920898919851e+00,2.673055119126053647e+00,-8.433609054457510967e-02,4.812581487396303537e-01,9.827948111158556488e-01,1.268600842699999509e+00
-5.213640261813901056e-01,1.849567093404385076e-01,7.860162569106905472e-01,-1.837196003248826370e+00,3.768959482580690690e+00,-1.189857624755510823e+00,-1.020898835146733852e+00,-1.569161572374523139e+00,-4.601087833885131317e-03,1.149838938474664118e+00,-5.917878411741508415e-01,-7.564335329537290598e-01,-2.443423639295827954e+00,-2.874483299761604327e-01,-4.873535991100536258e+00,3.217984092099855697e+00,-1.139890629210097428e+00,-7.497704337102371053e-01,3.210379515968178610e-01,-3.072230852194124395e-02,-4.989597974232296451e+00,2.890486985645319251e+00,-2.435721014922572092e+00,2.606990665928863860e-01,6.060352937641050319e-01,7.020280716091230611e-01,-5.261090323124918700e-02,-1.518193682652968057e+00,-2.551227986802321324e-01,4.279434772220901406e-01,7.170908757609150141e-01,1.468141060398229003e+00,1.796071998874879894e+00,1.058158801237395918e+00,-3.331157122172329066e-01,1.259390376037839099e+00,4.661201530952435723e-01,-2.260353020869628082e+00,-3.420925566219168434e+00,-5.454979359376047610e-01,-1.462127317335588428e+00,-2.136059333060956078e+00,-5.022514843916187077e-01,-5.166725180143491025e-01,2.647748274660717271e-01,3.918542015563413750e-01,-2.592973187685575276e+00,6.557900142819566014e-01,-5.290265065128862965e-02,3.760951016128209368e+00,8.553832526669469249e-01,-1.943425380083156906e+00,-1.273490798688048375e-01,5.948186586877032278e-01,-1.317073081292933767e-01,-6.811737972519315010e-01,5.788871728011448781e-01,-1.209285589089044599e+00,-6.180113489611843702e-01,-5.723963088308200220e+00,-1.430360899137856356e-01,4.130471184641338889e-01,-3.504960642251671223e-03,5.735868055209544236e-01,-1.550378104939687862e+00,9.475060648117707984e-01,-6.886715590697847222e-01,8.234651978808101014e-02,4.435514023168961373e+00,-3.089265481239891198e-01,-1.410504453878518305e-01,-3.732471218217535847e-03,-7.433781061031664583e-01,-1.647066489154110025e+00,4.027175828237525845e-01,-2.576030470107134374e+00,2.220738141614416516e+00,3.464177980701729220e-01,-5.446814991222224123e-01,1.752704161073344036e+00,-3.477348234731073351e+00,4.187528244305939396e+00,6.614570697236318075e+00,-2.269308092213051076e+00,-2.967301510434448453e+00,-6.329985766135385813e-03,6.502248280311663520e-02,4.321471607555359418e-01,-7.172231866767521113e-01,3.953353570851187104e+00,4.179319874004965296e-01,3.326528776228660611e+00,4.527294604928499000e-01,-1.972204415711212633e+00,-2.586861309939533893e+00,1.006913416768479182e-02,-5.324398794216839842e-02,4.260396817233094602e+00,2.228584456388785107e+00,3.742487659320022364e-01,6.716110126491043886e-01,-5.127368382874992747e+00,-1.027266296039718307e+00,9.457323131761439239e-01,-2.430582477291852062e+00,5.189586220850802567e-01,-1.981938447037206785e+00,9.698433786669454770e-01,-1.585363539032530689e+00,6.983752502447055477e+00,-2.932512096204034080e+00,2.212265113572313424e-01,6.030288137194909082e-01,5.601125780311581176e-02,9.426552021948647608e-02,-3.776396378828106748e+00,-2.842001301845874517e-01,1.457684647536027500e-01,4.615416524094767325e+00,-1.253223008937375038e+00,6.073499402338405906e-01,-7.199452854118610912e-01,2.037727544158429716e+00,-5.791614126940360929e-01,3.443860369363292318e+00,-7.452779668618569886e-01,-2.139651764730796213e+00,-6.249117307524703069e-01,7.164803669880301928e-01,5.019538854861973043e+00,-2.590234790747622640e+00,1.513211607932654967e+00,1.821810422477557312e+00,7.697029663463721416e-01,-1.440041510949754411e-01,1.610514085869966028e+00,-2.075438661496596726e+00,3.362908461584477315e-01,-2.246694920806232787e+00,2.315596160365914091e+00,-9.189448651107250121e-02,5.240838435150466657e-01,7.065103351443372537e-01,1.359317008115893177e+00
-7.284568174292238574e-01,1.493698810954571243e-01,7.586159914646151137e-01,-1.576039042844619598e+00,3.746434547528280312e+00,-1.046314401975025898e+00,-1.001911649235388779e+00,-1.394619508299581589e+00,3.082493949415798795e-02,1.302290574623788277e+00,-5.722971935671106181e-01,-5.094041588665376707e-01,-2.276180202786511231e+00,-2.922508202854949833e-01,-4.544303331803208224e+00,2.652375277097366535e+00,-1.083632164304399792e+00,-6.090405584476603629e-01,1.921947878968719714e-01,-1.068339705765550818e-01,-4.605685797755845634e+00,2.807919202996340680e+00,-2.209936548916604515e+00,2.492666172402232538e-01,6.246685830107375770e-01,6.002351353910692078e-01,9.996029836805375712e-02,-1.536175810600615366e+00,-1.612492849415843310e-01,4.224623609512480060e-01,1.104572362147888454e+00,1.560577336577879892e+00,1.499148286885174874e+00,6.697053052376623627e-01,-1.861101883257786360e-01,1.085766225829522424e+00,4.707157376376131519e-01,-1.674656515276819801e+00,-3.177621674313212186e+00,-3.063848773692839922e-01,-1.090596183258400131e+00,-1.795937641400924045e+00,-6.776373998769864571e-01,-6.363711444949218254e-01,-3.587101032878632200e-03,1.262908017241055059e-01,-2.460570651524454533e+00,6.126452618244012660e-01,1.408075620682596174e-01,3.786752093281166687e+00,4.875804398881130042e-01,-2.237047924753336137e+00,-1.116994170642722911e-01,4.686099201006624915e-01,-2.752154184366283340e-01,-6.187236375905188490e-01,6.603325349410539280e-01,-9.380739258160339933e-01,-5.013856499877346051e-01,-4.913426855371572088e+00,-1.110947118487049107e-01,4.354276717380218265e-01,2.405169396442062221e-02,8.304520013779190801e-01,-1.468697894474367605e+00,8.920247616648768751e-01,-5.177631778126692286e-01,9.441516410821620964e-02,3.814177332135498144e+00,-2.881112076653691845e-01,-5.363473306859242173e-01,1.153326402889304630e-01,-7.201358853228316814e-01,-1.844861834158120883e+00,6.169923404738542755e-02,-2.195336759532434012e+00,1.962618094500030219e+00,3.213366098708708707e-01,-4.578883653418547306e-01,1.705006845413939542e+00,-3.457992843209327649e+00,3.738020038457560812e+00,6.029186155319979257e+00,-1.974390710775974611e+00,-2.320433132278563626e+00,-8.488730945129578653e-03,4.526601190361258936e-02,3.836418120644139451e-01,-7.115185570009860960e-01,3.589699765997598213e+00,4.617141751279391082e-01,3.165135660097977421e+00,6.588916163394185066e-01,-1.785391679795817810e+00,-2.144346687366089022e+00,1.112476255352118880e-02,-6.434219324812502638e-02,3.848593092940897797e+00,2.053875260346964549e+00,3.089905201499019149e-01,5.607035724011095734e-01,-4.802360843285813807e+00,-7.334688930557535791e-01,6.070803481474784657e-01,-2.566865059708992369e+00,4.426025383234951094e-01,-1.795272593044117126e+00,6.661781554205695732e-01,-1.184847482387065165e+00,7.109452968347724777e+00,-2.770266458335737259e+00,2.263932695320606259e-01,5.190547419773009485e-01,4.759525173060030756e-02,7.261488929859855057e-02,-3.577466062462286711e+00,-3.899757080186306846e-01,1.143048270722132331e-01,3.887809365354256474e+00,-1.277467485748186249e+00,4.207910684274661639e-01,-6.030300479483821086e-01,2.094189491952459292e+00,-4.322752338856876708e-01,3.647504376470209753e+00,-5.334822210304558388e-01,-2.449022382226629269e+00,-6.758777560594593226e-01,5.360394438927051919e-01,4.621944691161065322e+00,-2.380059542617362744e+00,1.904937982491922810e+00,1.641196351036693368e+00,9.081592507670296355e-01,-1.145926717864114014e-01,1.576732437767360162e+00,-2.043928677258569415e+00,-1.350254114065733979e-02,-1.942562639899326316e+00,1.984770717166214116e+00,-9.993643806752389169e-02,5.489303566798812151e-01,4.446101950571662575e-01,1.427801475807491505e+00
-9.295669191937585563e-01,1.234394985809168510e-01,7.325592006904926290e-01,-1.340043453921421435e+00,3.642927138738304649e+00,-9.328158060292661702e-01,-9.243124270977052248e-01,-1.231796881029725732e+00,7.637847229048322362e-02,1.416999912936369510e+00,-5.389696401104933088e-01,-2.881817640653734358e-01,-2.113676210220424068e+00,-2.617020564837012064e-01,-4.177361036590175658e+00,2.155754845386833818e+00,-1.015876948275531655e+00,-4.787549738836519020e-01,9.014163908923235324e-02,-1.488342119822592124e-01,-4.222239555880389794e+00,2.707358860448706661e+00,-1.995657306355095750e+00,2.447511541188301110e-01,6.130472686415870953e-01,4.832739517732377310e-01,2.300828656935585692e-01,-1.535071295736980312e+00,-7.314784746881151933e-02,4.054937457510712218e-01,1.447602554936318286e+00,1.572270298153020329e+00,1.254460593297751059e+00,3.210562390610544603e-01,-5.915994130388856076e-02,9.295358817794330264e-01,4.820359140395217845e-01,-1.133839808617965739e+00,-2.933668218660935523e+00,-8.194487478922637957e-02,-7.062053625824069591e-01,-1.471374110315216699e+00,-8.606472987854434376e-01,-7.255663657631754582e-01,-2.319121729450688840e-01,-9.520383258662548642e-02,-2.332535183108787269e+00,5.651262513000541166e-01,3.199324258892762840e-01,3.753044282091416495e+00,1.741867799311501430e-01,-2.475085867252561300e+00,-9.678727046041343818e-02,3.631000201793770921e-01,-3.753423444055561387e-01,-5.532919198910173364e-01,7.172438156547257249e-01,-7.060198818802285725e-01,-3.656833777134090302e-01,-4.096648515629360610e+00,-7.172962589654760523e-02,4.423760608198892275e-01,4.979189387536572808e-02,1.044273706639708310e+00,-1.338693621473668438e+00,8.513816323611422821e-01,-3.782230529107873940e-01,5.220689664405678276e-02,3.187845575560045219e+00,-2.780217868232772727e-01,-8.538252789884109850e-01,2.327131389501732317e-01,-6.967348034965440418e-01,-2.023283833802176357e+00,-2.566489315808631599e-01,-1.786512169764452596e+00,1.740032850445195622e+00,2.740660235851070103e-01,-3.806292705417383959e-01,1.631341356407812082e+00,-3.428922018047759757e+00,3.315436128923821002e+00,5.354504716246894169e+00,-1.717761478915792672e+00,-1.741018371507018436e+00,-1.055286406919756816e-02,2.510012064199773629e-02,3.366173312689793584e-01,-6.988253786162791359e-01,3.247149150996710087e+00,4.992283885769359109e-01,3.022088300031165353e+00,8.204138255022048742e-01,-1.586321862502776847e+00,-1.764746281973039732e+00,1.141951132550655772e-02,-7.341652170880348660e-02,3.431317522911053963e+00,1.886266702563285103e+00,2.526719387570111608e-01,4.655718987104242590e-01,-4.497808436490004169e+00,-4.473734630745004326e-01,3.367253769991832568e-01,-2.643917354324253122e+00,3.738763159227682098e-01,-1.621027827129437382e+00,4.238423947474343478e-01,-8.539890771732651098e-01,7.204183897370782574e+00,-2.576989189507049804e+00,2.223524234272194200e-01,4.577525972584681191e-01,3.986459357053118158e-02,5.280966584651340667e-02,-3.394323422558299885e+00,-4.789274343279219526e-01,9.791933450693424135e-02,3.212460066649885704e+00,-1.294868268641065967e+00,2.342593314908595348e-01,-4.645030641670978566e-01,2.123462217153467169e+00,-2.865912158362253215e-01,3.797340331413868952e+00,-3.391170300810178451e-01,-2.684745787732422340e+00,-7.270540277130079776e-01,3.884134698033558930e-01,4.258145583666739675e+00,-2.190632813542219282e+00,2.229255249689393370e+00,1.443636525247586899e+00,1.032327740768851809e+00,-8.813021053704241103e-02,1.531454851216365043e+00,-1.986429529128945992e+00,-3.100852088929424988e-01,-1.611487792429396881e+00,1.670260418542565573e+00,-1.157321270853785555e-01,5.536789074927954690e-01,1.983212700484683899e-01,1.487396746685292426e+00
-1.129950211781001412e+00,1.065053459167359939e-01,7.055181071695373340e-01,-1.117028695963247387e+00,3.468520855672587722e+00,-8.428049651690359134e-01,-8.027247588717845161e-01,-1.077703873891405095e+00,1.218077004021926868e-01,1.479176611597034618e+00,-4.939809504719780975e-01,-9.202881496663284366e-02,-1.956853569600916387e+00,-2.060087191301823162e-01,-3.779660622571625161e+00,1.706239557262680062e+00,-9.412103286602458985e-01,-3.627458050762423780e-01,2.563050814701720026e-03,-1.611731590665996805e-01,-3.836140032482319384e+00,2.589221014149854394e+00,-1.789372101080495492e+00,2.459506778678975381e-01,5.903536485291261959e-01,3.596519197707836457e-01,3.534982635238273496e-01,-1.525234617189214381e+00,4.617813569464704684e-03,3.770434274940523411e-01,1.743750926868549378e+00,1.506571049919527061e+00,1.039934637777812476e+00,1.509370343423593885e-02,5.859181710051588471e-02,7.843035585614657190e-01,5.106987267945733988e-01,-6.374300371497504392e-01,-2.705519766774449053e+00,1.199557816371378677e-01,-3.173306619528630246e-01,-1.181809850647344451e+00,-1.054399579956537103e+00,-7.939484092884053767e-01,-4.397143279552598316e-01,-2.721588581247738059e-01,-2.216823887542528126e+00,5.199753071319961339e-01,4.839111667190740262e-01,3.664091311055290401e+00,-9.161819085921021899e-02,-2.673897866154342218e+00,-7.630199087102129685e-02,2.768755315414200835e-01,-4.467241339680841916e-01,-4.970195351202960632e-01,7.471295947988014774e-01,-5.062764958874196308e-01,-2.107299977444135053e-01,-3.304680233634057274e+00,-4.133520213571140189e-02,4.438086749030066835e-01,7.018505175058574463e-02,1.235924152774470652e+00,-1.154317814064048209e+00,8.177803102882081898e-01,-2.605363683893142102e-01,-3.990563004882681508e-02,2.578202758107918324e+00,-2.675319810297633882e-01,-1.131176024350432741e+00,3.371053953903447309e-01,-6.741378367357468981e-01,-2.195882066233469487e+00,-5.384579582353573590e-01,-1.384781053462698974e+00,1.539665507716654558e+00,2.164944125404300035e-01,-3.048608219042804324e-01,1.529719312397773034e+00,-3.379595747082968060e+00,2.928983748206293924e+00,4.590658345444117217e+00,-1.494591888194236384e+00,-1.237256221609328577e+00,-1.246705722827849347e-02,5.292236330508145667e-03,2.913357046693292318e-01,-6.790916908053897805e-01,2.920334319374288778e+00,5.304667413643503471e-01,2.892384902925221546e+00,9.398634445787326097e-01,-1.374458077417165747e+00,-1.436714781950070075e+00,1.111039802236621528e-02,-8.080222579493877288e-02,3.017806333041963995e+00,1.723109640786322228e+00,2.037339287117784781e-01,3.832431853181963444e-01,-4.211601688012818201e+00,-1.766790833225097002e-01,1.325991599908490637e-01,-2.663650270364215533e+00,3.120759240518234945e-01,-1.456721641281181867e+00,2.445336374768369569e-01,-5.839149436604353927e-01,7.263334060336771536e+00,-2.352736213264305931e+00,2.060082134155853395e-01,4.161439007365776988e-01,3.261043598825610207e-02,3.471592068015415256e-02,-3.226172242639298915e+00,-5.503001379094799583e-01,9.013541656561385729e-02,2.571291852649710385e+00,-1.294199152100642847e+00,4.626583089277346017e-02,-3.055071359406409948e-01,2.131421073870759297e+00,-1.516478584019450293e-01,3.905210876517362539e+00,-1.725994150959055395e-01,-2.848353645781140031e+00,-7.669326966695774184e-01,2.635947782029108288e-01,3.917497389901366756e+00,-2.010564545272083059e+00,2.533454236168636076e+00,1.219763166600031257e+00,1.128366484033390904e+00,-6.180446561468639494e-02,1.469938411979079262e+00,-1.911769921501572655e+00,-5.470862243028645766e-01,-1.256573708730069461e+00,1.385605575834964576e+00,-1.343494064368111474e-01,5.441514398650247886e-01,-3.468337998099244729e-02,1.536704894976924196e+00
-1.317157513269320512e+00,9.770206103783329876e-02,6.768627636465289754e-01,-9.091552767633657162e-01,3.235860134216798745e+00,-7.724396429787367957e-01,-6.391991372159724349e-01,-9.322536284300824150e-01,1.653644730236365490e-01,1.484111698955023373e+00,-4.395257697998866675e-01,8.053503815923113152e-02,-1.803571470459207404e+00,-1.322368738152833734e-01,-3.362000318500879548e+00,1.305375839289954154e+00,-8.593963021738229013e-01,-2.614206342563645813e-01,-7.168343617701616877e-02,-1.488223963784225390e-01,-3.457606514451847080e+00,2.454431862929670860e+00,-1.589767418768024854e+00,2.511507605519610054e-01,5.535709764523660814e-01,2.231175601847323609e-01,4.684175661507796740e-01,-1.506959698370973211e+00,7.181882739892213319e-02,3.444027944961033372e-01,1.978941557639994464e+00,1.366539791955952765e+00,8.496137311523942470e-01,-2.513222437999361181e-01,1.660217641888605822e-01,6.492039115976102615e-01,5.510905893080512152e-01,-2.008221077453214709e-01,-2.497019348934498506e+00,2.970780910109083184e-01,4.907229888094102183e-02,-9.231916673209099589e-01,-1.258740242935294962e+00,-8.371223305197396103e-01,-6.296960036687538897e-01,-4.097417104808081523e-01,-2.107877874759239045e+00,4.768302462159544897e-01,6.160642664737860930e-01,3.518936648297635195e+00,-2.970835536639075958e-01,-2.833192642454405163e+00,-5.337636908660090690e-02,2.045421472737884716e-01,-4.935506725526706551e-01,-4.465256252252654545e-01,7.541385173279537835e-01,-3.394475264869694087e-01,-4.310149204735106571e-02,-2.551523361259804279e+00,-1.775566010930367325e-02,4.442889516161860897e-01,8.521424034784871870e-02,1.409370624105541037e+00,-9.415836003041886393e-01,7.886303876457595452e-01,-1.596107780036065127e-01,-1.656700949940158041e-01,1.996650684393348696e+00,-2.568714467574705895e-01,-1.370126506897149321e+00,4.272309408568538136e-01,-6.513894978078303977e-01,-2.362406395955513716e+00,-7.863364062669376819e-01,-1.003079743410772107e+00,1.358832107743135342e+00,1.576199217865167368e-01,-2.269247329473448316e-01,1.403989920271201175e+00,-3.308895384972901255e+00,2.581838960537776284e+00,3.773130039438907790e+00,-1.309142377448887284e+00,-8.295907023813111625e-01,-1.418466259353683492e-02,-1.325474028120985324e-02,2.484197918814496364e-01,-6.516784462518798726e-01,2.610090862475249462e+00,5.546488321981619674e-01,2.770972569398345353e+00,1.014790374598159461e+00,-1.160255944908757275e+00,-1.153632760951674774e+00,1.041924904757413062e-02,-8.644404779276095019e-02,2.619970897627991402e+00,1.565217138582938095e+00,1.617114764426621221e-01,3.127137137805945377e-01,-3.935631657405917139e+00,6.066442367346013692e-02,-8.942191132004704418e-03,-2.632381258583542660e+00,2.576029536100740702e-01,-1.300600615704800456e+00,1.204790673805950507e-01,-3.724365740813770365e-01,7.270938005429155915e+00,-2.114182924467161051e+00,1.750436588743141952e-01,3.904885458225601513e-01,2.570090584988236199e-02,1.830722941146643509e-02,-3.074413835895445146e+00,-6.005308138552000186e-01,8.922005283431561073e-02,1.978738892589842591e+00,-1.277075905620976393e+00,-1.386475257416553419e-01,-1.341700075215090937e-01,2.116560386151524753e+00,-2.900691132294714800e-02,3.963467925874687214e+00,-2.969014457747790742e-02,-2.939885649696910797e+00,-7.948371798956739287e-01,1.555515855033848260e-01,3.599906944681877885e+00,-1.838505310553347316e+00,2.805938939979384372e+00,9.817193521294267367e-01,1.201123889324717586e+00,-3.642945570504077524e-02,1.391557604686216809e+00,-1.824007440437132699e+00,-7.170694047433129326e-01,-8.866039899892026455e-01,1.136318768850723471e+00,-1.542966853552466544e-01,5.238876039435662602e-01,-2.521105331837062424e-01,1.575096036167759506e+00
