volume,temperature_K,species,mean_Uiso_A2,mean_total_MSD_A2
V100,0,Fe,0.0015175252012674606,0.004552575603802382
V100,0,O,0.0028441334928913063,0.008532400478673919
V100,25,Fe,0.0015325714801188613,0.004597714440356584
V100,25,O,0.0028581885099837772,0.008574565529951332
V100,50,Fe,0.0016066108469557615,0.004819832540867285
V100,50,O,0.002912418596279335,0.008737255788838005
V100,75,Fe,0.001756209719003736,0.005268629157011208
V100,75,O,0.0030091943541986905,0.009027583062596071
V100,100,Fe,0.0019620379056039965,0.00588611371681199
V100,100,O,0.0031456604343987962,0.009436981303196389
V100,125,Fe,0.002204809291042441,0.006614427873127322
V100,125,O,0.003318070644306357,0.009954211932919071
V100,150,Fe,0.0024719617367408285,0.007415885210222486
V100,150,O,0.003521511203576463,0.01056453361072939
V100,175,Fe,0.002755676754783408,0.008267030264350224
V100,175,O,0.003750835883675092,0.011252507651025275
V100,200,Fe,0.0030510085167398393,0.009153025550219518
V100,200,O,0.004001359308864939,0.012004077926594817
V100,225,Fe,0.00335473551333006,0.01006420653999018
V100,225,O,0.00426911614911389,0.012807348447341672
V100,250,Fe,0.0036646937765073464,0.01099408132952204
V100,250,O,0.004550874239566932,0.013652622718700796
V100,275,Fe,0.003979386921479772,0.011938160764439317
V100,275,O,0.004844046558085675,0.014532139674257026
V100,300,Fe,0.004297752580356778,0.012893257741070335
V100,300,O,0.005146577228735227,0.015439731686205682
V100,325,Fe,0.004619018520694109,0.013857055562082329
V100,325,O,0.00545683364661961,0.01637050093985883
V100,350,Fe,0.004942611483197899,0.014827834449593697
V100,350,O,0.005773515377764277,0.01732054613329283
V100,375,Fe,0.005268097863132818,0.015804293589398454
V100,375,O,0.006095581164459422,0.018286743493378266
V100,400,Fe,0.005595144149656496,0.01678543244896949
V100,400,O,0.0064221919222550855,0.019266575766765257
V100,425,Fe,0.0059234899402563325,0.017770469820769
V100,425,O,0.006752666751200568,0.020258000253601704
V100,450,Fe,0.006252929150460847,0.01875878745138254
V100,450,O,0.007086449130250999,0.021259347390752997
V100,475,Fe,0.006583296682384591,0.019749890047153773
V100,475,O,0.007423080926783781,0.022269242780351344
V100,500,Fe,0.0069144588031060175,0.020743376409318053
V100,500,O,0.007762182351693944,0.023286547055081833
V100,525,Fe,0.007246306091165014,0.021738918273495042
V100,525,O,0.008103436425956395,0.024310309277869188
V100,550,Fe,0.007578748191205975,0.022736244573617927
V100,550,O,0.008446576874075027,0.025339730622225082
V100,575,Fe,0.0079117098616864,0.023735129585059203
V100,575,O,0.00879137862919091,0.02637413588757273
V100,600,Fe,0.008245127960680427,0.02473538388204128
V100,600,O,0.009137650337890319,0.027412951013670958
V100,625,Fe,0.00857894912134262,0.02573684736402786
V100,625,O,0.009485228404597331,0.028455685213791992
V100,650,Fe,0.008913127940655586,0.026739383821966757
V100,650,O,0.009833972228399896,0.029501916685199688
V100,675,Fe,0.009247625554566595,0.027742876663699782
V100,675,O,0.010183760369182992,0.030551281107548973
V100,700,Fe,0.009582408507085804,0.028747225521257413
V100,700,O,0.010534487442561155,0.03160346232768346
V100,725,Fe,0.009917447845244117,0.02975234353573235
V100,725,O,0.010886061589948917,0.03265818476984675
V100,750,Fe,0.010252718389189628,0.030758155167568885
V100,750,O,0.011238402405301539,0.03371520721590462
V100,775,Fe,0.010588198139266487,0.03176459441779946
V100,775,O,0.011591439226647633,0.0347743176799429
V100,800,Fe,0.010923867791098737,0.03277160337329621
V100,800,O,0.011945109720720819,0.035835329162162456
V100,825,Fe,0.011259710336479803,0.03377913100943941
V100,825,O,0.01229935870442412,0.03689807611327236
V100,850,Fe,0.01159571073291675,0.03478713219875025
V100,850,O,0.012654137158705782,0.03796241147611735
V100,875,Fe,0.01193185562847649,0.03579556688542947
V100,875,O,0.013009401399577398,0.039028204198732194
V100,900,Fe,0.012268133131460121,0.03680439939438036
V100,900,O,0.01336511237812215,0.04009533713436645
V100,925,Fe,0.012604532616632894,0.037813597849898684
V100,925,O,0.01372123508689751,0.04116370526069253
V100,950,Fe,0.012941044561432647,0.03882313368429794
V100,950,O,0.01407773805450462,0.04223321416351386
V100,975,Fe,0.013277660406895516,0.03983298122068655
V100,975,O,0.014434592913547121,0.04330377874064136
V100,1000,Fe,0.013614372439062888,0.04084311731718866
V100,1000,O,0.014791774029941031,0.044375322089823095
V102,0,Fe,0.0015531323894552279,0.004659397168365683
V102,0,O,0.0029041292369285216,0.008712387710785564
V102,25,Fe,0.001569567927199242,0.0047087037815977265
V102,25,O,0.0029193813836792645,0.008758144151037794
V102,50,Fe,0.0016490599483342955,0.004947179845002887
V102,50,O,0.002975956797374575,0.008927870392123725
V102,75,Fe,0.0018081745869296532,0.005424523760788959
V102,75,O,0.003075305530996745,0.009225916592990234
V102,100,Fe,0.0020258608944109958,0.006077582683232987
V102,100,O,0.0032154900872425774,0.009646470261727732
V102,125,Fe,0.0022817317582759246,0.006845195274827774
V102,125,O,0.003393263991334054,0.010179791974002162
V102,150,Fe,0.0025626540664208837,0.007687962199262651
V102,150,O,0.003603614388955059,0.010810843166865177
V102,175,Fe,0.002860514619241038,0.008581543857723114
V102,175,O,0.003841077769515182,0.011523233308545546
V102,200,Fe,0.0031702110894627875,0.009510633268388363
V102,200,O,0.0041006472150068585,0.012301941645020575
V102,225,Fe,0.003488435731877663,0.010465307195632989
V102,225,O,0.004378099668548518,0.013134299005645554
V102,250,Fe,0.0038129752157508956,0.011438925647252686
V102,250,O,0.00467001417276441,0.01401004251829323
V102,275,Fe,0.004142303855117261,0.012426911565351783
V102,275,O,0.004973670451576816,0.01492101135473045
V102,300,Fe,0.004475341295060228,0.013426023885180684
V102,300,O,0.005286919768178965,0.015860759304536894
V102,325,Fe,0.0048113039180212565,0.01443391175406377
V102,325,O,0.005608064830359023,0.01682419449107707
V102,350,Fe,0.005149611055429237,0.01544883316628771
V102,350,O,0.005935759865203464,0.017807279595610393
V102,375,Fe,0.005489824158001703,0.01646947247400511
V102,375,O,0.006268931532235243,0.018806794596705728
V102,400,Fe,0.0058316063392829425,0.01749481901784883
V102,400,O,0.006606717788122464,0.01982015336436739
V102,425,Fe,0.006174694844264525,0.018524084532793576
V102,425,O,0.006948421106163731,0.020845263318491195
V102,450,Fe,0.006518881918026809,0.019556645754080428
V102,450,O,0.00729347277846691,0.02188041833540073
V102,475,Fe,0.0068640012561571664,0.0205920037684715
V102,475,O,0.0076414056336576025,0.022924216900972808
V102,500,Fe,0.007209918240626382,0.021629754721879144
V102,500,O,0.007991833101789943,0.023975499305369827
V102,525,Fe,0.007556522791349955,0.022669568374049865
V102,525,O,0.008344433061043929,0.025033299183131786
V102,550,Fe,0.007903724056432361,0.023711172169297082
V102,550,O,0.00869893529481328,0.026096805884439838
V102,575,Fe,0.008251446415458505,0.024754339246375517
V102,575,O,0.009055111686239145,0.027165335058717432
V102,600,Fe,0.008599626434187645,0.025798879302562937
V102,600,O,0.009412768499563089,0.028238305498689265
V102,625,Fe,0.008948210517916095,0.026844631553748288
V102,625,O,0.009771740262041986,0.02931522078612596
V102,650,Fe,0.00929715308431281,0.027891459252938428
V102,650,O,0.010131884881426632,0.030395654644279898
V102,675,Fe,0.009646415126959967,0.028939245380879903
V102,675,O,0.01049307972356644,0.03147923917069932
V102,700,Fe,0.00999596307590316,0.02998788922770948
V102,700,O,0.010855218441061043,0.03256565532318313
V102,725,Fe,0.010345767886238673,0.03103730365871602
V102,725,O,0.011218208393259712,0.03365462517977914
V102,750,Fe,0.010695804303416408,0.032087412910249226
V102,750,O,0.011581968534856458,0.034745905604569374
V102,775,Fe,0.011046050266676296,0.03313815080002889
V102,775,O,0.011946427678125619,0.035839283034376855
V102,800,Fe,0.01139648642134066,0.034189459264021976
V102,800,O,0.012311523054880057,0.03693456916464017
V102,825,Fe,0.011747095717547257,0.03524128715264177
V102,825,O,0.012677199120259065,0.03803159736077719
V102,850,Fe,0.012097863078112623,0.03629358923433787
V102,850,O,0.013043406552726648,0.03913021965817994
V102,875,Fe,0.012448775122061254,0.037346325366183764
V102,875,O,0.013410101414124041,0.040230304242372124
V102,900,Fe,0.012799819933257845,0.038399459799773536
V102,900,O,0.013777244440957874,0.04133173332287362
V102,925,Fe,0.013150986865808775,0.039452960597426326
V102,925,O,0.014144800443825664,0.042434401331476995
V102,950,Fe,0.01350226637960951,0.04050679913882853
V102,950,O,0.014512737796372292,0.04353821338911688
V102,975,Fe,0.013853649900734918,0.04156094970220475
V102,975,O,0.014881027998708348,0.044643083996125044
V102,1000,Fe,0.01420512970241627,0.04261538910724881
V102,1000,O,0.015249645303026582,0.045748935909079746
V104,0,Fe,0.0015946498986246513,0.004783949695873954
V104,0,O,0.002969032036410793,0.00890709610923238
V104,25,Fe,0.0016129147982620346,0.004838744394786104
V104,25,O,0.0029858380362331807,0.008957514108699542
V104,50,Fe,0.001699815452763673,0.005099446358291019
V104,50,O,0.0030457467137867482,0.009137240141360244
V104,75,Fe,0.0018715302392730577,0.005614590717819173
V104,75,O,0.00314910088169216,0.00944730264507648
V104,100,Fe,0.0021045681856469525,0.006313704556940858
V104,100,O,0.003294809120597644,0.009884427361792932
V104,125,Fe,0.0023771719503248895,0.007131515850974669
V104,125,O,0.003480025939305523,0.010440077817916569
V104,150,Fe,0.0026755469251920246,0.008026640775576074
V104,150,O,0.0036995268767647783,0.011098580630294334
V104,175,Fe,0.002991253399252229,0.008973760197756687
V104,175,O,0.0039474508305625345,0.011842352491687603
V104,200,Fe,0.0033190209465487597,0.009957062839646279
V104,200,O,0.004218423864018029,0.012655271592054087
V104,225,Fe,0.0036554512886953204,0.010966353866085961
V104,225,O,0.0045079424139371615,0.013523827241811484
V104,250,Fe,0.003998280170959667,0.011994840512879003
V104,250,O,0.004812386256837593,0.014437158770512779
V104,275,Fe,0.004345952089426101,0.013037856268278303
V104,275,O,0.0051288974960269065,0.01538669248808072
V104,300,Fe,0.004697368582046839,0.014092105746140518
V104,300,O,0.005455233031249742,0.016365699093749225
V104,325,Fe,0.005051734669372042,0.015155204008116126
V104,325,O,0.005789630649709953,0.01736889194912986
V104,350,Fe,0.005408462340737212,0.016225387022211636
V104,350,O,0.006130699519976732,0.018392098559930195
V104,375,Fe,0.0057671081755051035,0.01730132452651531
V104,375,O,0.0064773346669860475,0.019432004000958143
V104,400,Fe,0.006127331977548101,0.018381995932644304
V104,400,O,0.00682865155378548,0.02048595466135644
V104,425,Fe,0.006488868694596102,0.019466606083788307
V104,425,O,0.007183936449739729,0.021551809349219186
V104,450,Fe,0.006851508946043502,0.020554526838130506
V104,450,O,0.007542608822301493,0.022627826466904477
V104,475,Fe,0.007215085256676981,0.021645255770030944
V104,475,O,0.007904192762533787,0.02371257828760136
V104,500,Fe,0.0075794621516987295,0.02273838645509619
V104,500,O,0.008268295166304757,0.02480488549891427
V104,525,Fe,0.007944528914851768,0.023833586744555303
V104,525,O,0.008634588969495269,0.02590376690848581
V104,550,Fe,0.008310194215518811,0.024930582646556433
V104,550,O,0.009002800176899731,0.02700840053069919
V104,575,Fe,0.008676382068601319,0.026029146205803957
V104,575,O,0.009372697753375934,0.0281180932601278
V104,600,Fe,0.009043028758893025,0.027129086276679076
V104,600,O,0.009744085687762362,0.029232257063287085
V104,625,Fe,0.009410080472953601,0.028230241418860803
V104,625,O,0.01011679671722096,0.03035039015166288
V104,650,Fe,0.009777491456509255,0.029332474369527767
V104,650,O,0.010490687329309892,0.03147206198792968
V104,675,Fe,0.01014522256676547,0.03043566770029641
V104,675,O,0.010865633754203909,0.03259690126261173
V104,700,Fe,0.010513240124693424,0.031539720374080274
V104,700,O,0.011241528729561795,0.03372458618868539
V104,725,Fe,0.010881514997470426,0.032644544992411276
V104,725,O,0.011618278872439233,0.0348548366173177
V104,750,Fe,0.011250021859161964,0.033750065577485895
V104,750,O,0.011995802531314922,0.03598740759394477
V104,775,Fe,0.011618738590652364,0.03485621577195709
V104,775,O,0.012374028020285246,0.03712208406085574
V104,800,Fe,0.01198764578925411,0.03596293736776233
V104,800,O,0.012752892159352137,0.03825867647805641
V104,825,Fe,0.012356726365367597,0.037070179096102794
V104,825,O,0.013132339061337957,0.03939701718401387
V104,850,Fe,0.01272596520873332,0.038177895626199956
V104,850,O,0.01351231911865447,0.04053695735596341
V104,875,Fe,0.013095348910696586,0.039286046732089755
V104,875,O,0.013892788152911258,0.041678364458733776
V104,900,Fe,0.013464865531842536,0.04039459659552761
V104,900,O,0.0142737066979065,0.0428211200937195
V104,925,Fe,0.013834504406605103,0.04150351321981531
V104,925,O,0.014655039392421463,0.04396511817726439
V104,950,Fe,0.014204255978179146,0.042612767934537436
V104,950,O,0.015036754463844853,0.04511026339153456
V104,975,Fe,0.014574111658402259,0.04372233497520678
V104,975,O,0.015418823287281213,0.04625646986184364
V104,1000,Fe,0.01494406370831751,0.04483219112495253
V104,1000,O,0.01580122000766614,0.04740366002299842
