temperature_K,Veq_A3_per_10atom_cell,phonon_volume_extrapolated,alpha_volume_1e-6_K-1,alpha_linear_1e-6_K-1,BT_GPa,Cv_J_per_molK_Fe2O3,Cp_J_per_molK_Fe2O3,Cp_minus_Cv_J_per_molK
0.0,107.10094383247413,True,-0.0248428596583139,-0.008280953219437967,182.72342424930636,0.0,0.0,0.0
10.0,107.10094791856156,True,0.03247320754518057,0.010824402515060191,182.72332459301944,0.047947882576750755,0.04794794471493899,6.213818823169883e-08
20.0,107.10101339072028,True,0.19550186247663248,0.06516728749221083,182.72175884830446,0.521756617187263,0.5217611215830935,4.504395830605577e-06
30.0,107.10136668807607,True,0.6447379916618701,0.21491266388729002,182.71297876021606,2.316686969469899,2.3167604501379975,7.348066809886747e-05
40.0,107.10239444147,True,1.4211851175893742,0.4737283725297914,182.68758617335345,5.611082427532722,5.611558409410338,0.0004759818776161573
50.0,107.10441094870868,True,2.4354964624162534,0.8118321541387512,182.63921649955134,9.943944590914626,9.945691487957575,0.001746897042948448
60.0,107.10761151858628,True,3.602694657356409,1.200898219118803,182.56534960093308,14.949622714177735,14.954207993068827,0.0045852788910916405
70.0,107.11212851652775,True,4.878322903856258,1.6261076346187526,182.46535574780944,20.387008751602252,20.396812205293177,0.009803453690924493
80.0,107.1180621386819,True,6.2346448362671225,2.0782149454223746,182.33938644817846,26.066594948661802,26.08488342509444,0.018288476432636397
90.0,107.12548547084826,True,7.645090138419519,2.5483633794731726,182.18807563337626,31.828794145440128,31.85970716213174,0.030913016691613875
100.0,107.13444193571034,True,9.082084624623121,3.0273615415410404,182.01250969832242,37.543369436535315,37.59180031481445,0.048430878279136745
110.0,107.14494569267865,True,10.518705025885922,3.5062350086286407,181.81412299242692,43.11024245939514,43.181632470451866,0.07139001105672833
120.0,107.15698261847177,True,11.931919386354295,3.9773064621180985,181.59467911084886,48.457591347334784,48.55769418044022,0.10010283310543926
130.0,107.17051764087469,True,13.303630119843035,4.434543373281012,181.356019086433,53.537972621036744,53.672624334716495,0.13465171367975237
140.0,107.185497949108,True,14.620169634804725,4.873389878268242,181.10006966750657,58.32369519095638,58.49860268317723,0.17490749222085536
150.0,107.20185924580238,True,15.873092110663123,5.291030703554375,180.82870074330538,62.80230244034212,63.0229021406676,0.2205997003254796
160.0,107.21953065650264,True,17.057694913935606,5.685898304645201,180.5436598056329,66.97258233417159,67.24393726530496,0.27135493113337084
170.0,107.23843781709311,True,18.172101193281165,6.057367064427055,180.24656139220394,70.84126112256403,71.16799757426864,0.32673645170460275
180.0,107.25850582189979,True,19.21711539747406,6.405705132491353,179.93886268020702,74.420386452332,74.80668806553429,0.38630161320229295
190.0,107.27966200737745,True,20.194704607368053,6.7315682024560175,179.62182405489077,77.72532471699213,78.17492442097344,0.4495997039813055
200.0,107.30183564847529,True,21.107662812713812,7.035887604237938,179.2965915741051,80.77327719046762,81.28946813733515,0.5161909468675199
210.0,107.32496002670416,True,21.95982752839498,7.319942509464994,178.96415010128237,83.58221283400627,84.16789881502679,0.5856859810205223
220.0,107.34897259499618,True,22.75511616729453,7.585038722431511,178.62535364808448,86.17012035540458,86.82784285013958,0.6577224947350027
230.0,107.37381498152375,True,23.497652964632465,7.832550988210822,178.28095090249636,88.55450986131032,89.2864929361756,0.7319830748652775
240.0,107.39943342926216,True,24.19143286149783,8.063810953832611,177.93157326599635,90.75209165603911,91.56027583124393,0.8081841752048138
250.0,107.42577807985231,True,24.84034161187587,8.280113870625291,177.57778034461688,92.77858826334436,93.66466875428993,0.8860804909455765
260.0,107.4528034577679,True,25.448003352401827,8.482667784133941,177.220041885043,94.64863896233712,95.6140944756305,0.9654555132933836
270.0,107.48046742723291,True,26.018162554786173,8.672720851595392,176.85878192358786,96.37576909309186,97.42191941348024,1.0461503203883724
280.0,107.50873249836116,True,26.553793990746755,8.851264663582251,176.49432401685186,97.9724027744919,99.10039624613592,1.127993471644012
290.0,107.53756287069926,True,27.057799300056473,9.019266433352158,176.12701015201122,99.4499028028241,100.66075183620485,1.2108490333807558
300.0,107.56692723729554,True,27.53299077333793,9.177663591112642,175.75707958455934,100.81862859838071,102.11324328723573,1.2946146888550258
310.0,107.59679579232348,True,27.98192587252224,9.327308624174082,175.38479076704033,102.08800309605188,103.46720888511527,1.37920578906339
320.0,107.62714268085054,True,28.407140360098282,9.469046786699426,175.01031164080564,103.2665839342136,104.73115809638739,1.4645741621737942
330.0,107.65794350660313,True,28.810388206146342,9.603462735382115,174.63382175603357,104.36213422781904,105.91276181083629,1.5506275830172482
340.0,107.68917614645946,True,29.193386592485382,9.731128864161795,174.25547029760287,105.38169181721851,107.01898802403701,1.6372962068185097
350.0,107.7208198598446,True,29.558164652288,9.852721550762666,173.87540976963933,106.33163568138184,108.05620913122678,1.7245734498449334
360.0,107.75285685544992,True,29.906270302104687,9.96875676736823,173.49372704464548,107.21774846173537,109.03017530717598,1.8124268454406152
370.0,107.78526969158187,True,30.23899389513751,10.079664631712504,173.11054570931248,108.04527158928022,109.94608830981147,1.900816720531258
380.0,107.81804332480819,True,30.55785572771974,10.185951909239915,172.7259411903429,108.8189598312401,110.80871329538363,1.989753464143526
390.0,107.85116355970015,True,30.86381108317049,10.287937027723496,172.33998239028824,109.54312826985503,111.62232458521001,2.07919631535498
400.0,107.88461738439698,True,31.1580666085387,10.386022202846235,171.95275612356517,110.22169557971387,112.39085048743456,2.16915490772069
410.0,107.91839317973442,True,31.44080628829649,10.480268762765496,171.56431254118843,110.85822231246665,113.11773371805222,2.2595114055855663
420.0,107.95247830531495,True,31.714377616953726,10.571459205651243,171.17471285279117,111.45594884283608,113.80641936013835,2.350470517302274
430.0,107.98686618668906,True,31.979546578408957,10.659848859469653,170.78397585335958,112.01782538986761,114.45986117453555,2.4420357846679304
440.0,108.02154581660184,True,32.23456659577906,10.744855531926353,170.39216394532647,112.54654059798175,115.08036935169024,2.533828753708489
450.0,108.05650682922756,True,32.48267825730622,10.827559419102075,169.9993391800103,113.0445457502901,115.6707907494477,2.6262449991576124
460.0,108.09174519912477,True,32.72441537340853,10.908138457802846,169.60548368446405,113.51408275642112,116.2333691528929,2.7192863964717917
470.0,108.12725169781247,True,32.95897027362216,10.986323424540718,169.2106599663399,113.95719893340448,116.76993458522028,2.8127356518157978
480.0,108.16302054049936,True,33.18780577488134,11.062601924960447,168.81487565115762,114.37576864752609,117.28252575924905,2.9067571117229676
490.0,108.19904564657925,True,33.41096617983652,11.136988726612175,168.41815727085375,114.7715090721029,117.77279517785824,3.001286105755345
500.0,108.23532131461992,True,33.62915465756622,11.20971821918874,168.02053341495935,115.14599517159616,118.24237466073,3.0963794891338354
510.0,108.27184297375774,True,33.842563183572594,11.280854394524198,167.62200650508038,115.50067307585272,118.69268234605252,3.192009270199808
520.0,108.30860532701611,True,34.051694570713664,11.350564856904555,167.22261567938486,115.83687240642304,119.12508345927385,3.2882110528508166
530.0,108.34560488263779,True,34.257116787816955,11.419038929272316,166.82235078865884,116.15581615644251,119.54085711663444,3.385040960191926
540.0,108.38283756477283,True,34.45874112424363,11.486247041414543,166.42122866146192,116.45863018307912,119.94106280459717,3.4824326215180457
550.0,108.42029968158076,True,34.65691795252468,11.552305984174893,166.0192674113281,116.74635436065398,120.32676277496138,3.5804084143074033
560.0,108.457987908736,True,34.852216318626006,11.617405439542003,165.6164780856155,117.01994631555226,120.69898897591148,3.6790426603592166
570.0,108.49589978158674,True,35.04457352279111,11.681524507597038,165.21285237736603,117.28029230777466,121.05857523557066,3.778282927795992
580.0,108.53403183352019,True,35.23428982097343,11.744763273657808,164.80842439927505,117.52821194992296,121.40636807669763,3.8781561267746727
590.0,108.57238224602082,True,35.421860291551255,11.807286763850417,164.40317631119294,117.76446333947109,121.74320023262793,3.97873689315683
600.0,108.61094862191021,True,35.60721257791499,11.869070859305,163.997122063688,117.989749220252,122.06972838699821,4.079979166746218
610.0,108.64972898166303,True,35.790512572431155,11.930170857477053,163.59026231503094,118.20472206668384,122.3866127330794,4.181890666395555
620.0,108.68872128426707,True,35.97218540467573,11.990728468225242,163.18260812527853,118.40998664511888,122.69453049526597,4.284543850147094
630.0,108.72792447081841,True,36.152006192358144,12.050668730786048,162.77414480629176,118.6061058038317,122.99396599825768,4.387860194425988
640.0,108.76733600814022,True,36.330278184459885,12.110092728153294,162.3649090369764,118.79360252120756,123.28549128103748,4.491888759829915
650.0,108.80695549438099,True,36.50741643710376,12.169138812367917,161.95487285308297,118.97296405673012,123.56967443188495,4.596710375154822
660.0,108.84678129664115,True,36.6834009532635,12.2278003177545,161.54405314573467,119.14464357615766,123.84694640080608,4.702302824648408
670.0,108.88681296873453,True,36.85834045570324,12.286113485234413,161.132431098424,119.3090654845242,124.11774141774127,4.8086759332170725
680.0,108.927049112842,True,37.03204504361679,12.34401501453893,160.7200259944116,119.46662370659226,124.38238679258421,4.915763085991948
690.0,108.96748886823235,True,37.20500170314445,12.401667234381483,160.30683993357025,119.61768758422463,124.64136391851694,5.0236763342923165
700.0,109.00813189690717,True,37.37746486600635,12.459154955335451,159.89286315704132,119.762602212026,124.89507442810411,5.13247221607812
710.0,109.04897789270318,True,37.549120242896805,12.516373414298934,159.4780886959364,119.9016908820617,125.14374390147522,5.242053019413512
720.0,109.09002583255175,True,37.720068177637955,12.573356059212653,159.062533715783,120.0352551231425,125.38768864384288,5.352433520700367
730.0,109.13127562917863,True,37.890560713682575,12.630186904560858,158.64618580404806,120.16357826292563,125.62725124967923,5.4636729867536005
740.0,109.1727268093991,True,38.061148321366645,12.687049440455548,158.22904901919077,120.2869254911102,125.8628485989059,5.575923107795696
750.0,109.21438048919407,True,38.231928456955444,12.74397615231848,157.81110756276541,120.4055465055366,126.09475662969858,5.689210124161974
760.0,109.25623641027771,True,38.401481688588035,12.800493896196013,157.39236401356703,120.51967586908728,126.32277990838352,5.803104039296248
770.0,109.29829258920876,True,38.570427626583026,12.85680920886101,156.97283648204802,120.62953277353205,126.54730742568475,5.9177746521526995
780.0,109.34055012143996,True,38.74021435938957,12.91340478646319,156.55250075683077,120.73532408461674,126.76898378617365,6.033659701556915
790.0,109.38301019043138,True,38.909907385997755,12.96996912866592,156.13135837334912,120.83724475754245,126.98771612758524,6.1504713700428
800.0,109.42567185150573,True,39.07979054900146,13.026596849667154,155.70942564440358,120.93547793830086,127.20377360120732,6.268295662906456
810.0,109.4685369122984,True,39.24972165605389,13.083240552017966,155.28665518329754,121.03019646929775,127.41727913653311,6.387082667235366
820.0,109.51160411851254,True,39.41943308540807,13.139811028469358,154.86309174051357,121.12156352982097,127.62830532813709,6.506741798316108
830.0,109.55487469500628,True,39.58991549253277,13.196638497510921,154.43871018721347,121.20973252842359,127.83732843301921,6.627595904595628
840.0,109.59834955947731,True,39.76055794705502,13.253519315685006,154.0134959695604,121.29484850118317,128.04429137942307,6.749442878239913
850.0,109.64202860216723,True,39.931262263115386,13.310420754371796,153.587464333034,121.37704853748869,128.24929526014236,6.872246722653664
860.0,109.68591252861947,True,40.10254173172356,13.367513910574521,153.16061135561412,121.45646220452969,128.45264423608864,6.996182031558951
870.0,109.73000235771464,True,40.27432973345846,13.424776577819486,152.73292216892554,121.53321186956613,128.6544392280515,7.1212273584853625
880.0,109.77429865292565,True,40.4467243017681,13.482241433922699,152.30439805772465,121.60741388507174,128.85483344852673,7.247419563454998
890.0,109.81880265274259,True,40.619485714588066,13.539828571529355,151.8750231008729,121.67917832328274,129.05385213141685,7.3746738081340935
900.0,109.8635143981151,True,40.7926522715929,13.597550757197633,151.44481574821694,121.74860793474647,129.25161234093355,7.503004406187063
910.0,109.9084352158606,True,40.96684968675213,13.655616562250708,151.01375941072197,121.81580223737882,129.44844576739413,7.6326435300153275
920.0,109.95356652620534,True,41.141557822044206,13.713852607348068,150.58183600638904,121.88085481408622,129.64425739324295,7.763402579156726
930.0,109.99890851773311,True,41.3175587111958,13.772519570398602,150.14906406113397,121.94385400570766,129.8394363328908,7.895582327183142
940.0,110.04446433659808,True,41.49380875162478,13.831269583874928,149.71541498157617,122.00488471029821,130.03367438868003,8.028789678381806
950.0,110.0902318794915,True,41.6699751120575,13.889991704019167,149.2809029563458,122.06402584671444,130.22691753441546,8.16289168770102
960.0,110.13621356497084,True,41.84752442935036,13.949174809783452,148.84552248949262,122.12135395933714,130.41981576288873,8.2984618035516
970.0,110.18241052195071,True,42.02622695146374,14.00874231715458,148.40926762005452,122.17694064848985,130.61236112021976,8.435420471729902
980.0,110.22882467060907,True,42.20599211719467,14.068664039064888,147.97211713998442,122.23085605838457,130.8045953553197,8.573739296935106
990.0,110.27545694659132,True,42.38657488366826,14.128858294556087,147.5340764576451,122.28316578231866,130.99649168133863,8.713325899019976
1000.0,110.32230873632886,True,42.567668051440855,14.189222683813618,147.09513751939943,122.33392990028982,131.18798629134048,8.854056391050673
